sample,kind,m_rank1,m_rank2,m_rank3,m_rank4,m_rank5,m_rank6,workerId,hitId,assignmentId,trialIdx
01_d85c3093011d4e03a0df7a4049b13816,main,spotex,paint3d,goatex,mvadapter,TEXGen,syncmvd,A3GBDSRO3V260P,H_0001,3HPZF4IVN4P51UAEIO24ULQTK9RYCI,0
54_120ac5f53bda4d1d9306a050a3b6e46b,vigilance,spotex,_corrupt_2,_corrupt_3,_corrupt_4,_corrupt_0,_corrupt_1,A3GBDSRO3V260P,H_0001,3HPZF4IVN4P51UAEIO24ULQTK9RYCI,1
06_ce195c7adddb44d2bf963c526756362a,main,spotex,goatex,paint3d,mvadapter,TEXGen,syncmvd,A3GBDSRO3V260P,H_0001,3HPZF4IVN4P51UAEIO24ULQTK9RYCI,2
54_120ac5f53bda4d1d9306a050a3b6e46b,vigilance,spotex,_corrupt_2,_corrupt_3,_corrupt_1,_corrupt_0,_corrupt_4,A3GBDSRO3V260P,H_0001,3HPZF4IVN4P51UAEIO24ULQTK9RYCI,3
45_1a6d42ef69294498937aab039ececb00,main,mvadapter,TEXGen,spotex,goatex,paint3d,syncmvd,A3GBDSRO3V260P,H_0001,3HPZF4IVN4P51UAEIO24ULQTK9RYCI,4
02_16ee83e509e745998f229da44a8387e8,main,spotex,goatex,TEXGen,syncmvd,mvadapter,paint3d,A3GBDSRO3V260P,H_0001,3HPZF4IVN4P51UAEIO24ULQTK9RYCI,5
58_1d7b005b0cf241d9890739a549769c86,main,spotex,TEXGen,syncmvd,goatex,mvadapter,paint3d,A3GBDSRO3V260P,H_0001,3HPZF4IVN4P51UAEIO24ULQTK9RYCI,6
27_0aa910f8ec974330a9a89a5c7cf4e3dd,vigilance,spotex,_corrupt_2,_corrupt_1,_corrupt_3,_corrupt_4,_corrupt_0,A3GBDSRO3V260P,H_0001,3HPZF4IVN4P51UAEIO24ULQTK9RYCI,7
02_16ee83e509e745998f229da44a8387e8,main,spotex,goatex,TEXGen,syncmvd,mvadapter,paint3d,A3GBDSRO3V260P,H_0001,3HPZF4IVN4P51UAEIO24ULQTK9RYCI,8
45_1a6d42ef69294498937aab039ececb00,main,mvadapter,syncmvd,TEXGen,spotex,paint3d,goatex,A3GBDSRO3V260P,H_0001,3HPZF4IVN4P51UAEIO24ULQTK9RYCI,9
58_1d7b005b0cf241d9890739a549769c86,vigilance,spotex,_corrupt_1,_corrupt_3,_corrupt_2,_corrupt_4,_corrupt_0,A3GBDSRO3V260P,H_0001,3HPZF4IVN4P51UAEIO24ULQTK9RYCI,10
02_16ee83e509e745998f229da44a8387e8,main,spotex,goatex,TEXGen,syncmvd,mvadapter,paint3d,A3GBDSRO3V260P,H_0001,3HPZF4IVN4P51UAEIO24ULQTK9RYCI,11
27_0aa910f8ec974330a9a89a5c7cf4e3dd,main,mvadapter,spotex,goatex,paint3d,syncmvd,TEXGen,A3GBDSRO3V260P,H_0001,3HPZF4IVN4P51UAEIO24ULQTK9RYCI,12
58_1d7b005b0cf241d9890739a549769c86,main,spotex,goatex,TEXGen,syncmvd,mvadapter,paint3d,A3GBDSRO3V260P,H_0001,3HPZF4IVN4P51UAEIO24ULQTK9RYCI,13
54_120ac5f53bda4d1d9306a050a3b6e46b,main,mvadapter,paint3d,spotex,syncmvd,TEXGen,goatex,A3GBDSRO3V260P,H_0001,3HPZF4IVN4P51UAEIO24ULQTK9RYCI,14
48_d53b232eab0048b48835c2caef28f44e,main,mvadapter,spotex,paint3d,TEXGen,syncmvd,goatex,A3GBDSRO3V260P,H_0001,3HPZF4IVN4P51UAEIO24ULQTK9RYCI,15
01_d85c3093011d4e03a0df7a4049b13816,main,spotex,goatex,paint3d,mvadapter,syncmvd,TEXGen,A3GBDSRO3V260P,H_0001,3HPZF4IVN4P51UAEIO24ULQTK9RYCI,16
06_ce195c7adddb44d2bf963c526756362a,main,syncmvd,spotex,TEXGen,paint3d,mvadapter,goatex,A3GBDSRO3V260P,H_0001,3HPZF4IVN4P51UAEIO24ULQTK9RYCI,17
27_0aa910f8ec974330a9a89a5c7cf4e3dd,main,paint3d,TEXGen,syncmvd,mvadapter,goatex,spotex,A3GBDSRO3V260P,H_0001,3HPZF4IVN4P51UAEIO24ULQTK9RYCI,18
02_16ee83e509e745998f229da44a8387e8,main,spotex,goatex,syncmvd,TEXGen,mvadapter,paint3d,A3GBDSRO3V260P,H_0001,3HPZF4IVN4P51UAEIO24ULQTK9RYCI,19
54_120ac5f53bda4d1d9306a050a3b6e46b,vigilance,spotex,_corrupt_2,_corrupt_3,_corrupt_1,_corrupt_0,_corrupt_4,A3GBDSRO3V260P,H_0001,3HPZF4IVN4P51UAEIO24ULQTK9RYCI,20
35_02797d5feaac4ccabfdf8b357fa2a13a,main,spotex,mvadapter,goatex,syncmvd,TEXGen,paint3d,A3GBDSRO3V260P,H_0001,3HPZF4IVN4P51UAEIO24ULQTK9RYCI,21
54_120ac5f53bda4d1d9306a050a3b6e46b,main,syncmvd,paint3d,spotex,mvadapter,goatex,TEXGen,A3GBDSRO3V260P,H_0001,3HPZF4IVN4P51UAEIO24ULQTK9RYCI,22
35_02797d5feaac4ccabfdf8b357fa2a13a,main,spotex,mvadapter,goatex,TEXGen,syncmvd,paint3d,A3GBDSRO3V260P,H_0001,3HPZF4IVN4P51UAEIO24ULQTK9RYCI,23
48_d53b232eab0048b48835c2caef28f44e,main,mvadapter,spotex,syncmvd,TEXGen,goatex,paint3d,A3GBDSRO3V260P,H_0001,3HPZF4IVN4P51UAEIO24ULQTK9RYCI,24
01_d85c3093011d4e03a0df7a4049b13816,main,spotex,goatex,mvadapter,paint3d,syncmvd,TEXGen,A1CGK5GD971DCK,H_0001,3RGU30DZTS4SFRR69DVFNUGH1JMMJU,0
54_120ac5f53bda4d1d9306a050a3b6e46b,vigilance,spotex,_corrupt_4,_corrupt_3,_corrupt_2,_corrupt_1,_corrupt_0,A1CGK5GD971DCK,H_0001,3RGU30DZTS4SFRR69DVFNUGH1JMMJU,1
06_ce195c7adddb44d2bf963c526756362a,main,spotex,goatex,mvadapter,TEXGen,syncmvd,paint3d,A1CGK5GD971DCK,H_0001,3RGU30DZTS4SFRR69DVFNUGH1JMMJU,2
54_120ac5f53bda4d1d9306a050a3b6e46b,vigilance,spotex,_corrupt_3,_corrupt_2,_corrupt_0,_corrupt_4,_corrupt_1,A1CGK5GD971DCK,H_0001,3RGU30DZTS4SFRR69DVFNUGH1JMMJU,3
45_1a6d42ef69294498937aab039ececb00,main,spotex,paint3d,goatex,syncmvd,TEXGen,mvadapter,A1CGK5GD971DCK,H_0001,3RGU30DZTS4SFRR69DVFNUGH1JMMJU,4
02_16ee83e509e745998f229da44a8387e8,main,spotex,paint3d,goatex,syncmvd,TEXGen,mvadapter,A1CGK5GD971DCK,H_0001,3RGU30DZTS4SFRR69DVFNUGH1JMMJU,5
58_1d7b005b0cf241d9890739a549769c86,main,goatex,syncmvd,TEXGen,paint3d,spotex,mvadapter,A1CGK5GD971DCK,H_0001,3RGU30DZTS4SFRR69DVFNUGH1JMMJU,6
27_0aa910f8ec974330a9a89a5c7cf4e3dd,vigilance,spotex,_corrupt_1,_corrupt_4,_corrupt_2,_corrupt_3,_corrupt_0,A1CGK5GD971DCK,H_0001,3RGU30DZTS4SFRR69DVFNUGH1JMMJU,7
02_16ee83e509e745998f229da44a8387e8,main,spotex,syncmvd,paint3d,goatex,TEXGen,mvadapter,A1CGK5GD971DCK,H_0001,3RGU30DZTS4SFRR69DVFNUGH1JMMJU,8
45_1a6d42ef69294498937aab039ececb00,main,TEXGen,goatex,paint3d,spotex,mvadapter,syncmvd,A1CGK5GD971DCK,H_0001,3RGU30DZTS4SFRR69DVFNUGH1JMMJU,9
58_1d7b005b0cf241d9890739a549769c86,vigilance,spotex,_corrupt_1,_corrupt_2,_corrupt_3,_corrupt_0,_corrupt_4,A1CGK5GD971DCK,H_0001,3RGU30DZTS4SFRR69DVFNUGH1JMMJU,10
02_16ee83e509e745998f229da44a8387e8,main,spotex,goatex,syncmvd,paint3d,mvadapter,TEXGen,A1CGK5GD971DCK,H_0001,3RGU30DZTS4SFRR69DVFNUGH1JMMJU,11
27_0aa910f8ec974330a9a89a5c7cf4e3dd,main,spotex,goatex,paint3d,TEXGen,syncmvd,mvadapter,A1CGK5GD971DCK,H_0001,3RGU30DZTS4SFRR69DVFNUGH1JMMJU,12
58_1d7b005b0cf241d9890739a549769c86,main,goatex,TEXGen,syncmvd,spotex,paint3d,mvadapter,A1CGK5GD971DCK,H_0001,3RGU30DZTS4SFRR69DVFNUGH1JMMJU,13
54_120ac5f53bda4d1d9306a050a3b6e46b,main,paint3d,syncmvd,spotex,mvadapter,goatex,TEXGen,A1CGK5GD971DCK,H_0001,3RGU30DZTS4SFRR69DVFNUGH1JMMJU,14
48_d53b232eab0048b48835c2caef28f44e,main,spotex,mvadapter,paint3d,syncmvd,TEXGen,goatex,A1CGK5GD971DCK,H_0001,3RGU30DZTS4SFRR69DVFNUGH1JMMJU,15
01_d85c3093011d4e03a0df7a4049b13816,main,goatex,spotex,mvadapter,paint3d,TEXGen,syncmvd,A1CGK5GD971DCK,H_0001,3RGU30DZTS4SFRR69DVFNUGH1JMMJU,16
06_ce195c7adddb44d2bf963c526756362a,main,spotex,goatex,mvadapter,TEXGen,syncmvd,paint3d,A1CGK5GD971DCK,H_0001,3RGU30DZTS4SFRR69DVFNUGH1JMMJU,17
27_0aa910f8ec974330a9a89a5c7cf4e3dd,main,TEXGen,syncmvd,spotex,mvadapter,paint3d,goatex,A1CGK5GD971DCK,H_0001,3RGU30DZTS4SFRR69DVFNUGH1JMMJU,18
02_16ee83e509e745998f229da44a8387e8,main,spotex,goatex,syncmvd,mvadapter,TEXGen,paint3d,A1CGK5GD971DCK,H_0001,3RGU30DZTS4SFRR69DVFNUGH1JMMJU,19
54_120ac5f53bda4d1d9306a050a3b6e46b,vigilance,spotex,_corrupt_0,_corrupt_2,_corrupt_1,_corrupt_3,_corrupt_4,A1CGK5GD971DCK,H_0001,3RGU30DZTS4SFRR69DVFNUGH1JMMJU,20
35_02797d5feaac4ccabfdf8b357fa2a13a,main,spotex,syncmvd,mvadapter,paint3d,goatex,TEXGen,A1CGK5GD971DCK,H_0001,3RGU30DZTS4SFRR69DVFNUGH1JMMJU,21
54_120ac5f53bda4d1d9306a050a3b6e46b,main,paint3d,mvadapter,spotex,goatex,syncmvd,TEXGen,A1CGK5GD971DCK,H_0001,3RGU30DZTS4SFRR69DVFNUGH1JMMJU,22
35_02797d5feaac4ccabfdf8b357fa2a13a,main,spotex,TEXGen,paint3d,mvadapter,goatex,syncmvd,A1CGK5GD971DCK,H_0001,3RGU30DZTS4SFRR69DVFNUGH1JMMJU,23
48_d53b232eab0048b48835c2caef28f44e,main,goatex,TEXGen,spotex,mvadapter,syncmvd,paint3d,A1CGK5GD971DCK,H_0001,3RGU30DZTS4SFRR69DVFNUGH1JMMJU,24
01_d85c3093011d4e03a0df7a4049b13816,main,spotex,goatex,syncmvd,TEXGen,mvadapter,paint3d,A2BVK0H0YA09BA,H_0001,3UNH76FOCA1IAGM5VDWIXHV5ENVYM0,0
54_120ac5f53bda4d1d9306a050a3b6e46b,vigilance,spotex,_corrupt_4,_corrupt_3,_corrupt_2,_corrupt_1,_corrupt_0,A2BVK0H0YA09BA,H_0001,3UNH76FOCA1IAGM5VDWIXHV5ENVYM0,1
06_ce195c7adddb44d2bf963c526756362a,main,goatex,mvadapter,TEXGen,spotex,syncmvd,paint3d,A2BVK0H0YA09BA,H_0001,3UNH76FOCA1IAGM5VDWIXHV5ENVYM0,2
54_120ac5f53bda4d1d9306a050a3b6e46b,vigilance,spotex,_corrupt_3,_corrupt_2,_corrupt_0,_corrupt_4,_corrupt_1,A2BVK0H0YA09BA,H_0001,3UNH76FOCA1IAGM5VDWIXHV5ENVYM0,3
45_1a6d42ef69294498937aab039ececb00,main,spotex,paint3d,mvadapter,syncmvd,TEXGen,goatex,A2BVK0H0YA09BA,H_0001,3UNH76FOCA1IAGM5VDWIXHV5ENVYM0,4
02_16ee83e509e745998f229da44a8387e8,main,spotex,goatex,syncmvd,TEXGen,paint3d,mvadapter,A2BVK0H0YA09BA,H_0001,3UNH76FOCA1IAGM5VDWIXHV5ENVYM0,5
58_1d7b005b0cf241d9890739a549769c86,main,syncmvd,goatex,TEXGen,paint3d,mvadapter,spotex,A2BVK0H0YA09BA,H_0001,3UNH76FOCA1IAGM5VDWIXHV5ENVYM0,6
27_0aa910f8ec974330a9a89a5c7cf4e3dd,vigilance,spotex,_corrupt_1,_corrupt_4,_corrupt_2,_corrupt_3,_corrupt_0,A2BVK0H0YA09BA,H_0001,3UNH76FOCA1IAGM5VDWIXHV5ENVYM0,7
02_16ee83e509e745998f229da44a8387e8,main,spotex,paint3d,mvadapter,TEXGen,syncmvd,goatex,A2BVK0H0YA09BA,H_0001,3UNH76FOCA1IAGM5VDWIXHV5ENVYM0,8
45_1a6d42ef69294498937aab039ececb00,main,spotex,paint3d,mvadapter,TEXGen,goatex,syncmvd,A2BVK0H0YA09BA,H_0001,3UNH76FOCA1IAGM5VDWIXHV5ENVYM0,9
58_1d7b005b0cf241d9890739a549769c86,vigilance,spotex,_corrupt_1,_corrupt_2,_corrupt_3,_corrupt_0,_corrupt_4,A2BVK0H0YA09BA,H_0001,3UNH76FOCA1IAGM5VDWIXHV5ENVYM0,10
02_16ee83e509e745998f229da44a8387e8,main,spotex,paint3d,mvadapter,goatex,syncmvd,TEXGen,A2BVK0H0YA09BA,H_0001,3UNH76FOCA1IAGM5VDWIXHV5ENVYM0,11
27_0aa910f8ec974330a9a89a5c7cf4e3dd,main,spotex,mvadapter,TEXGen,syncmvd,goatex,paint3d,A2BVK0H0YA09BA,H_0001,3UNH76FOCA1IAGM5VDWIXHV5ENVYM0,12
58_1d7b005b0cf241d9890739a549769c86,main,spotex,TEXGen,syncmvd,paint3d,goatex,mvadapter,A2BVK0H0YA09BA,H_0001,3UNH76FOCA1IAGM5VDWIXHV5ENVYM0,13
54_120ac5f53bda4d1d9306a050a3b6e46b,main,mvadapter,spotex,goatex,TEXGen,syncmvd,paint3d,A2BVK0H0YA09BA,H_0001,3UNH76FOCA1IAGM5VDWIXHV5ENVYM0,14
48_d53b232eab0048b48835c2caef28f44e,main,mvadapter,spotex,syncmvd,TEXGen,goatex,paint3d,A2BVK0H0YA09BA,H_0001,3UNH76FOCA1IAGM5VDWIXHV5ENVYM0,15
01_d85c3093011d4e03a0df7a4049b13816,main,spotex,paint3d,goatex,syncmvd,TEXGen,mvadapter,A2BVK0H0YA09BA,H_0001,3UNH76FOCA1IAGM5VDWIXHV5ENVYM0,16
06_ce195c7adddb44d2bf963c526756362a,main,spotex,goatex,mvadapter,syncmvd,TEXGen,paint3d,A2BVK0H0YA09BA,H_0001,3UNH76FOCA1IAGM5VDWIXHV5ENVYM0,17
27_0aa910f8ec974330a9a89a5c7cf4e3dd,main,spotex,mvadapter,TEXGen,syncmvd,paint3d,goatex,A2BVK0H0YA09BA,H_0001,3UNH76FOCA1IAGM5VDWIXHV5ENVYM0,18
02_16ee83e509e745998f229da44a8387e8,main,spotex,goatex,paint3d,mvadapter,syncmvd,TEXGen,A2BVK0H0YA09BA,H_0001,3UNH76FOCA1IAGM5VDWIXHV5ENVYM0,19
54_120ac5f53bda4d1d9306a050a3b6e46b,vigilance,spotex,_corrupt_2,_corrupt_0,_corrupt_4,_corrupt_1,_corrupt_3,A2BVK0H0YA09BA,H_0001,3UNH76FOCA1IAGM5VDWIXHV5ENVYM0,20
35_02797d5feaac4ccabfdf8b357fa2a13a,main,spotex,mvadapter,paint3d,goatex,syncmvd,TEXGen,A2BVK0H0YA09BA,H_0001,3UNH76FOCA1IAGM5VDWIXHV5ENVYM0,21
54_120ac5f53bda4d1d9306a050a3b6e46b,main,mvadapter,spotex,paint3d,goatex,syncmvd,TEXGen,A2BVK0H0YA09BA,H_0001,3UNH76FOCA1IAGM5VDWIXHV5ENVYM0,22
35_02797d5feaac4ccabfdf8b357fa2a13a,main,spotex,TEXGen,syncmvd,mvadapter,paint3d,goatex,A2BVK0H0YA09BA,H_0001,3UNH76FOCA1IAGM5VDWIXHV5ENVYM0,23
48_d53b232eab0048b48835c2caef28f44e,main,syncmvd,paint3d,goatex,mvadapter,spotex,TEXGen,A2BVK0H0YA09BA,H_0001,3UNH76FOCA1IAGM5VDWIXHV5ENVYM0,24
01_d85c3093011d4e03a0df7a4049b13816,main,spotex,paint3d,mvadapter,syncmvd,TEXGen,goatex,A3IHDNKFEEXOG7,H_0001,358UUM7WRHZQSC3WDC2Z635IGBLR7G,0
54_120ac5f53bda4d1d9306a050a3b6e46b,vigilance,spotex,_corrupt_3,_corrupt_2,_corrupt_4,_corrupt_1,_corrupt_0,A3IHDNKFEEXOG7,H_0001,358UUM7WRHZQSC3WDC2Z635IGBLR7G,1
06_ce195c7adddb44d2bf963c526756362a,main,spotex,mvadapter,TEXGen,syncmvd,paint3d,goatex,A3IHDNKFEEXOG7,H_0001,358UUM7WRHZQSC3WDC2Z635IGBLR7G,2
54_120ac5f53bda4d1d9306a050a3b6e46b,vigilance,spotex,_corrupt_1,_corrupt_2,_corrupt_0,_corrupt_3,_corrupt_4,A3IHDNKFEEXOG7,H_0001,358UUM7WRHZQSC3WDC2Z635IGBLR7G,3
45_1a6d42ef69294498937aab039ececb00,main,goatex,paint3d,syncmvd,TEXGen,mvadapter,spotex,A3IHDNKFEEXOG7,H_0001,358UUM7WRHZQSC3WDC2Z635IGBLR7G,4
02_16ee83e509e745998f229da44a8387e8,main,syncmvd,spotex,mvadapter,goatex,TEXGen,paint3d,A3IHDNKFEEXOG7,H_0001,358UUM7WRHZQSC3WDC2Z635IGBLR7G,5
58_1d7b005b0cf241d9890739a549769c86,main,goatex,syncmvd,TEXGen,mvadapter,spotex,paint3d,A3IHDNKFEEXOG7,H_0001,358UUM7WRHZQSC3WDC2Z635IGBLR7G,6
27_0aa910f8ec974330a9a89a5c7cf4e3dd,vigilance,spotex,_corrupt_1,_corrupt_4,_corrupt_2,_corrupt_3,_corrupt_0,A3IHDNKFEEXOG7,H_0001,358UUM7WRHZQSC3WDC2Z635IGBLR7G,7
02_16ee83e509e745998f229da44a8387e8,main,spotex,mvadapter,TEXGen,goatex,syncmvd,paint3d,A3IHDNKFEEXOG7,H_0001,358UUM7WRHZQSC3WDC2Z635IGBLR7G,8
45_1a6d42ef69294498937aab039ececb00,main,spotex,paint3d,goatex,TEXGen,mvadapter,syncmvd,A3IHDNKFEEXOG7,H_0001,358UUM7WRHZQSC3WDC2Z635IGBLR7G,9
58_1d7b005b0cf241d9890739a549769c86,vigilance,spotex,_corrupt_1,_corrupt_2,_corrupt_3,_corrupt_0,_corrupt_4,A3IHDNKFEEXOG7,H_0001,358UUM7WRHZQSC3WDC2Z635IGBLR7G,10
02_16ee83e509e745998f229da44a8387e8,main,mvadapter,spotex,paint3d,TEXGen,syncmvd,goatex,A3IHDNKFEEXOG7,H_0001,358UUM7WRHZQSC3WDC2Z635IGBLR7G,11
27_0aa910f8ec974330a9a89a5c7cf4e3dd,main,spotex,mvadapter,paint3d,TEXGen,syncmvd,goatex,A3IHDNKFEEXOG7,H_0001,358UUM7WRHZQSC3WDC2Z635IGBLR7G,12
58_1d7b005b0cf241d9890739a549769c86,main,goatex,paint3d,spotex,TEXGen,mvadapter,syncmvd,A3IHDNKFEEXOG7,H_0001,358UUM7WRHZQSC3WDC2Z635IGBLR7G,13
54_120ac5f53bda4d1d9306a050a3b6e46b,main,mvadapter,paint3d,syncmvd,goatex,TEXGen,spotex,A3IHDNKFEEXOG7,H_0001,358UUM7WRHZQSC3WDC2Z635IGBLR7G,14
48_d53b232eab0048b48835c2caef28f44e,main,goatex,syncmvd,TEXGen,spotex,paint3d,mvadapter,A3IHDNKFEEXOG7,H_0001,358UUM7WRHZQSC3WDC2Z635IGBLR7G,15
01_d85c3093011d4e03a0df7a4049b13816,main,spotex,syncmvd,goatex,paint3d,TEXGen,mvadapter,A3IHDNKFEEXOG7,H_0001,358UUM7WRHZQSC3WDC2Z635IGBLR7G,16
06_ce195c7adddb44d2bf963c526756362a,main,spotex,syncmvd,mvadapter,TEXGen,paint3d,goatex,A3IHDNKFEEXOG7,H_0001,358UUM7WRHZQSC3WDC2Z635IGBLR7G,17
27_0aa910f8ec974330a9a89a5c7cf4e3dd,main,spotex,mvadapter,paint3d,goatex,syncmvd,TEXGen,A3IHDNKFEEXOG7,H_0001,358UUM7WRHZQSC3WDC2Z635IGBLR7G,18
02_16ee83e509e745998f229da44a8387e8,main,spotex,mvadapter,syncmvd,goatex,paint3d,TEXGen,A3IHDNKFEEXOG7,H_0001,358UUM7WRHZQSC3WDC2Z635IGBLR7G,19
54_120ac5f53bda4d1d9306a050a3b6e46b,vigilance,spotex,_corrupt_0,_corrupt_2,_corrupt_4,_corrupt_1,_corrupt_3,A3IHDNKFEEXOG7,H_0001,358UUM7WRHZQSC3WDC2Z635IGBLR7G,20
35_02797d5feaac4ccabfdf8b357fa2a13a,main,spotex,mvadapter,paint3d,goatex,syncmvd,TEXGen,A3IHDNKFEEXOG7,H_0001,358UUM7WRHZQSC3WDC2Z635IGBLR7G,21
54_120ac5f53bda4d1d9306a050a3b6e46b,main,mvadapter,paint3d,syncmvd,spotex,TEXGen,goatex,A3IHDNKFEEXOG7,H_0001,358UUM7WRHZQSC3WDC2Z635IGBLR7G,22
35_02797d5feaac4ccabfdf8b357fa2a13a,main,mvadapter,spotex,goatex,syncmvd,paint3d,TEXGen,A3IHDNKFEEXOG7,H_0001,358UUM7WRHZQSC3WDC2Z635IGBLR7G,23
48_d53b232eab0048b48835c2caef28f44e,main,syncmvd,TEXGen,goatex,spotex,paint3d,mvadapter,A3IHDNKFEEXOG7,H_0001,358UUM7WRHZQSC3WDC2Z635IGBLR7G,24
01_d85c3093011d4e03a0df7a4049b13816,main,goatex,syncmvd,TEXGen,paint3d,mvadapter,spotex,AW7JEJN4KPU6B,H_0001,3M0BCWMB8DSI2KN8PNOLY4ZVRGRWBA,0
54_120ac5f53bda4d1d9306a050a3b6e46b,vigilance,spotex,_corrupt_3,_corrupt_2,_corrupt_4,_corrupt_1,_corrupt_0,AW7JEJN4KPU6B,H_0001,3M0BCWMB8DSI2KN8PNOLY4ZVRGRWBA,1
06_ce195c7adddb44d2bf963c526756362a,main,paint3d,spotex,goatex,syncmvd,TEXGen,mvadapter,AW7JEJN4KPU6B,H_0001,3M0BCWMB8DSI2KN8PNOLY4ZVRGRWBA,2
54_120ac5f53bda4d1d9306a050a3b6e46b,vigilance,spotex,_corrupt_3,_corrupt_1,_corrupt_0,_corrupt_4,_corrupt_2,AW7JEJN4KPU6B,H_0001,3M0BCWMB8DSI2KN8PNOLY4ZVRGRWBA,3
45_1a6d42ef69294498937aab039ececb00,main,paint3d,goatex,syncmvd,TEXGen,mvadapter,spotex,AW7JEJN4KPU6B,H_0001,3M0BCWMB8DSI2KN8PNOLY4ZVRGRWBA,4
02_16ee83e509e745998f229da44a8387e8,main,syncmvd,TEXGen,goatex,paint3d,mvadapter,spotex,AW7JEJN4KPU6B,H_0001,3M0BCWMB8DSI2KN8PNOLY4ZVRGRWBA,5
58_1d7b005b0cf241d9890739a549769c86,main,goatex,TEXGen,syncmvd,mvadapter,paint3d,spotex,AW7JEJN4KPU6B,H_0001,3M0BCWMB8DSI2KN8PNOLY4ZVRGRWBA,6
27_0aa910f8ec974330a9a89a5c7cf4e3dd,vigilance,spotex,_corrupt_1,_corrupt_4,_corrupt_2,_corrupt_3,_corrupt_0,AW7JEJN4KPU6B,H_0001,3M0BCWMB8DSI2KN8PNOLY4ZVRGRWBA,7
02_16ee83e509e745998f229da44a8387e8,main,syncmvd,TEXGen,goatex,spotex,paint3d,mvadapter,AW7JEJN4KPU6B,H_0001,3M0BCWMB8DSI2KN8PNOLY4ZVRGRWBA,8
45_1a6d42ef69294498937aab039ececb00,main,spotex,mvadapter,goatex,paint3d,TEXGen,syncmvd,AW7JEJN4KPU6B,H_0001,3M0BCWMB8DSI2KN8PNOLY4ZVRGRWBA,9
58_1d7b005b0cf241d9890739a549769c86,vigilance,spotex,_corrupt_1,_corrupt_4,_corrupt_0,_corrupt_2,_corrupt_3,AW7JEJN4KPU6B,H_0001,3M0BCWMB8DSI2KN8PNOLY4ZVRGRWBA,10
02_16ee83e509e745998f229da44a8387e8,main,TEXGen,syncmvd,goatex,paint3d,mvadapter,spotex,AW7JEJN4KPU6B,H_0001,3M0BCWMB8DSI2KN8PNOLY4ZVRGRWBA,11
27_0aa910f8ec974330a9a89a5c7cf4e3dd,main,spotex,paint3d,syncmvd,TEXGen,goatex,mvadapter,AW7JEJN4KPU6B,H_0001,3M0BCWMB8DSI2KN8PNOLY4ZVRGRWBA,12
58_1d7b005b0cf241d9890739a549769c86,main,goatex,syncmvd,TEXGen,spotex,mvadapter,paint3d,AW7JEJN4KPU6B,H_0001,3M0BCWMB8DSI2KN8PNOLY4ZVRGRWBA,13
54_120ac5f53bda4d1d9306a050a3b6e46b,main,paint3d,syncmvd,mvadapter,spotex,goatex,TEXGen,AW7JEJN4KPU6B,H_0001,3M0BCWMB8DSI2KN8PNOLY4ZVRGRWBA,14
48_d53b232eab0048b48835c2caef28f44e,main,goatex,TEXGen,paint3d,syncmvd,spotex,mvadapter,AW7JEJN4KPU6B,H_0001,3M0BCWMB8DSI2KN8PNOLY4ZVRGRWBA,15
01_d85c3093011d4e03a0df7a4049b13816,main,syncmvd,TEXGen,mvadapter,paint3d,goatex,spotex,AW7JEJN4KPU6B,H_0001,3M0BCWMB8DSI2KN8PNOLY4ZVRGRWBA,16
06_ce195c7adddb44d2bf963c526756362a,main,paint3d,syncmvd,TEXGen,mvadapter,goatex,spotex,AW7JEJN4KPU6B,H_0001,3M0BCWMB8DSI2KN8PNOLY4ZVRGRWBA,17
27_0aa910f8ec974330a9a89a5c7cf4e3dd,main,spotex,mvadapter,goatex,TEXGen,paint3d,syncmvd,AW7JEJN4KPU6B,H_0001,3M0BCWMB8DSI2KN8PNOLY4ZVRGRWBA,18
02_16ee83e509e745998f229da44a8387e8,main,syncmvd,spotex,TEXGen,goatex,paint3d,mvadapter,AW7JEJN4KPU6B,H_0001,3M0BCWMB8DSI2KN8PNOLY4ZVRGRWBA,19
54_120ac5f53bda4d1d9306a050a3b6e46b,vigilance,spotex,_corrupt_0,_corrupt_2,_corrupt_4,_corrupt_1,_corrupt_3,AW7JEJN4KPU6B,H_0001,3M0BCWMB8DSI2KN8PNOLY4ZVRGRWBA,20
35_02797d5feaac4ccabfdf8b357fa2a13a,main,spotex,paint3d,syncmvd,TEXGen,mvadapter,goatex,AW7JEJN4KPU6B,H_0001,3M0BCWMB8DSI2KN8PNOLY4ZVRGRWBA,21
54_120ac5f53bda4d1d9306a050a3b6e46b,main,paint3d,spotex,syncmvd,TEXGen,mvadapter,goatex,AW7JEJN4KPU6B,H_0001,3M0BCWMB8DSI2KN8PNOLY4ZVRGRWBA,22
35_02797d5feaac4ccabfdf8b357fa2a13a,main,spotex,paint3d,mvadapter,TEXGen,syncmvd,goatex,AW7JEJN4KPU6B,H_0001,3M0BCWMB8DSI2KN8PNOLY4ZVRGRWBA,23
48_d53b232eab0048b48835c2caef28f44e,main,TEXGen,goatex,syncmvd,spotex,paint3d,mvadapter,AW7JEJN4KPU6B,H_0001,3M0BCWMB8DSI2KN8PNOLY4ZVRGRWBA,24
01_d85c3093011d4e03a0df7a4049b13816,main,spotex,goatex,mvadapter,syncmvd,TEXGen,paint3d,A2GVQQL9U1O1N3,H_0001,3X3OR7WPZHWJPSD2IXX9YRSEL32L87,0
54_120ac5f53bda4d1d9306a050a3b6e46b,vigilance,spotex,_corrupt_4,_corrupt_3,_corrupt_2,_corrupt_1,_corrupt_0,A2GVQQL9U1O1N3,H_0001,3X3OR7WPZHWJPSD2IXX9YRSEL32L87,1
06_ce195c7adddb44d2bf963c526756362a,main,spotex,mvadapter,goatex,TEXGen,syncmvd,paint3d,A2GVQQL9U1O1N3,H_0001,3X3OR7WPZHWJPSD2IXX9YRSEL32L87,2
54_120ac5f53bda4d1d9306a050a3b6e46b,vigilance,spotex,_corrupt_3,_corrupt_2,_corrupt_0,_corrupt_4,_corrupt_1,A2GVQQL9U1O1N3,H_0001,3X3OR7WPZHWJPSD2IXX9YRSEL32L87,3
45_1a6d42ef69294498937aab039ececb00,main,syncmvd,TEXGen,goatex,paint3d,spotex,mvadapter,A2GVQQL9U1O1N3,H_0001,3X3OR7WPZHWJPSD2IXX9YRSEL32L87,4
02_16ee83e509e745998f229da44a8387e8,main,spotex,goatex,mvadapter,syncmvd,TEXGen,paint3d,A2GVQQL9U1O1N3,H_0001,3X3OR7WPZHWJPSD2IXX9YRSEL32L87,5
58_1d7b005b0cf241d9890739a549769c86,main,spotex,goatex,TEXGen,syncmvd,mvadapter,paint3d,A2GVQQL9U1O1N3,H_0001,3X3OR7WPZHWJPSD2IXX9YRSEL32L87,6
27_0aa910f8ec974330a9a89a5c7cf4e3dd,vigilance,spotex,_corrupt_1,_corrupt_4,_corrupt_2,_corrupt_3,_corrupt_0,A2GVQQL9U1O1N3,H_0001,3X3OR7WPZHWJPSD2IXX9YRSEL32L87,7
02_16ee83e509e745998f229da44a8387e8,main,spotex,goatex,mvadapter,TEXGen,syncmvd,paint3d,A2GVQQL9U1O1N3,H_0001,3X3OR7WPZHWJPSD2IXX9YRSEL32L87,8
45_1a6d42ef69294498937aab039ececb00,main,syncmvd,TEXGen,goatex,paint3d,spotex,mvadapter,A2GVQQL9U1O1N3,H_0001,3X3OR7WPZHWJPSD2IXX9YRSEL32L87,9
58_1d7b005b0cf241d9890739a549769c86,vigilance,spotex,_corrupt_1,_corrupt_2,_corrupt_3,_corrupt_0,_corrupt_4,A2GVQQL9U1O1N3,H_0001,3X3OR7WPZHWJPSD2IXX9YRSEL32L87,10
02_16ee83e509e745998f229da44a8387e8,main,spotex,goatex,mvadapter,syncmvd,TEXGen,paint3d,A2GVQQL9U1O1N3,H_0001,3X3OR7WPZHWJPSD2IXX9YRSEL32L87,11
27_0aa910f8ec974330a9a89a5c7cf4e3dd,main,mvadapter,spotex,TEXGen,syncmvd,paint3d,goatex,A2GVQQL9U1O1N3,H_0001,3X3OR7WPZHWJPSD2IXX9YRSEL32L87,12
58_1d7b005b0cf241d9890739a549769c86,main,spotex,goatex,syncmvd,TEXGen,mvadapter,paint3d,A2GVQQL9U1O1N3,H_0001,3X3OR7WPZHWJPSD2IXX9YRSEL32L87,13
54_120ac5f53bda4d1d9306a050a3b6e46b,main,mvadapter,spotex,syncmvd,goatex,TEXGen,paint3d,A2GVQQL9U1O1N3,H_0001,3X3OR7WPZHWJPSD2IXX9YRSEL32L87,14
48_d53b232eab0048b48835c2caef28f44e,main,mvadapter,spotex,TEXGen,syncmvd,goatex,paint3d,A2GVQQL9U1O1N3,H_0001,3X3OR7WPZHWJPSD2IXX9YRSEL32L87,15
01_d85c3093011d4e03a0df7a4049b13816,main,spotex,goatex,mvadapter,syncmvd,TEXGen,paint3d,A2GVQQL9U1O1N3,H_0001,3X3OR7WPZHWJPSD2IXX9YRSEL32L87,16
06_ce195c7adddb44d2bf963c526756362a,main,spotex,syncmvd,TEXGen,goatex,paint3d,mvadapter,A2GVQQL9U1O1N3,H_0001,3X3OR7WPZHWJPSD2IXX9YRSEL32L87,17
27_0aa910f8ec974330a9a89a5c7cf4e3dd,main,mvadapter,spotex,TEXGen,syncmvd,paint3d,goatex,A2GVQQL9U1O1N3,H_0001,3X3OR7WPZHWJPSD2IXX9YRSEL32L87,18
02_16ee83e509e745998f229da44a8387e8,main,spotex,goatex,TEXGen,syncmvd,mvadapter,paint3d,A2GVQQL9U1O1N3,H_0001,3X3OR7WPZHWJPSD2IXX9YRSEL32L87,19
54_120ac5f53bda4d1d9306a050a3b6e46b,vigilance,spotex,_corrupt_0,_corrupt_3,_corrupt_2,_corrupt_4,_corrupt_1,A2GVQQL9U1O1N3,H_0001,3X3OR7WPZHWJPSD2IXX9YRSEL32L87,20
35_02797d5feaac4ccabfdf8b357fa2a13a,main,paint3d,mvadapter,syncmvd,goatex,TEXGen,spotex,A2GVQQL9U1O1N3,H_0001,3X3OR7WPZHWJPSD2IXX9YRSEL32L87,21
54_120ac5f53bda4d1d9306a050a3b6e46b,main,mvadapter,spotex,syncmvd,TEXGen,goatex,paint3d,A2GVQQL9U1O1N3,H_0001,3X3OR7WPZHWJPSD2IXX9YRSEL32L87,22
35_02797d5feaac4ccabfdf8b357fa2a13a,main,spotex,mvadapter,goatex,TEXGen,syncmvd,paint3d,A2GVQQL9U1O1N3,H_0001,3X3OR7WPZHWJPSD2IXX9YRSEL32L87,23
48_d53b232eab0048b48835c2caef28f44e,main,mvadapter,spotex,syncmvd,TEXGen,goatex,paint3d,A2GVQQL9U1O1N3,H_0001,3X3OR7WPZHWJPSD2IXX9YRSEL32L87,24
01_d85c3093011d4e03a0df7a4049b13816,main,mvadapter,spotex,paint3d,goatex,syncmvd,TEXGen,A1TDFI3P4A3VRP,H_0001,3S3AMIZX3C123JFNMSFQH0GS2LMDCQ,0
54_120ac5f53bda4d1d9306a050a3b6e46b,vigilance,spotex,_corrupt_4,_corrupt_3,_corrupt_2,_corrupt_1,_corrupt_0,A1TDFI3P4A3VRP,H_0001,3S3AMIZX3C123JFNMSFQH0GS2LMDCQ,1
06_ce195c7adddb44d2bf963c526756362a,main,spotex,syncmvd,paint3d,TEXGen,mvadapter,goatex,A1TDFI3P4A3VRP,H_0001,3S3AMIZX3C123JFNMSFQH0GS2LMDCQ,2
54_120ac5f53bda4d1d9306a050a3b6e46b,vigilance,spotex,_corrupt_3,_corrupt_2,_corrupt_0,_corrupt_4,_corrupt_1,A1TDFI3P4A3VRP,H_0001,3S3AMIZX3C123JFNMSFQH0GS2LMDCQ,3
45_1a6d42ef69294498937aab039ececb00,main,spotex,paint3d,syncmvd,goatex,TEXGen,mvadapter,A1TDFI3P4A3VRP,H_0001,3S3AMIZX3C123JFNMSFQH0GS2LMDCQ,4
02_16ee83e509e745998f229da44a8387e8,main,spotex,mvadapter,goatex,TEXGen,paint3d,syncmvd,A1TDFI3P4A3VRP,H_0001,3S3AMIZX3C123JFNMSFQH0GS2LMDCQ,5
58_1d7b005b0cf241d9890739a549769c86,main,spotex,mvadapter,syncmvd,goatex,paint3d,TEXGen,A1TDFI3P4A3VRP,H_0001,3S3AMIZX3C123JFNMSFQH0GS2LMDCQ,6
27_0aa910f8ec974330a9a89a5c7cf4e3dd,vigilance,spotex,_corrupt_1,_corrupt_4,_corrupt_2,_corrupt_3,_corrupt_0,A1TDFI3P4A3VRP,H_0001,3S3AMIZX3C123JFNMSFQH0GS2LMDCQ,7
02_16ee83e509e745998f229da44a8387e8,main,spotex,mvadapter,TEXGen,paint3d,goatex,syncmvd,A1TDFI3P4A3VRP,H_0001,3S3AMIZX3C123JFNMSFQH0GS2LMDCQ,8
45_1a6d42ef69294498937aab039ececb00,main,spotex,syncmvd,goatex,mvadapter,paint3d,TEXGen,A1TDFI3P4A3VRP,H_0001,3S3AMIZX3C123JFNMSFQH0GS2LMDCQ,9
58_1d7b005b0cf241d9890739a549769c86,vigilance,spotex,_corrupt_1,_corrupt_2,_corrupt_3,_corrupt_0,_corrupt_4,A1TDFI3P4A3VRP,H_0001,3S3AMIZX3C123JFNMSFQH0GS2LMDCQ,10
02_16ee83e509e745998f229da44a8387e8,main,spotex,mvadapter,syncmvd,paint3d,goatex,TEXGen,A1TDFI3P4A3VRP,H_0001,3S3AMIZX3C123JFNMSFQH0GS2LMDCQ,11
27_0aa910f8ec974330a9a89a5c7cf4e3dd,main,spotex,mvadapter,TEXGen,syncmvd,goatex,paint3d,A1TDFI3P4A3VRP,H_0001,3S3AMIZX3C123JFNMSFQH0GS2LMDCQ,12
58_1d7b005b0cf241d9890739a549769c86,main,spotex,mvadapter,syncmvd,paint3d,goatex,TEXGen,A1TDFI3P4A3VRP,H_0001,3S3AMIZX3C123JFNMSFQH0GS2LMDCQ,13
54_120ac5f53bda4d1d9306a050a3b6e46b,main,syncmvd,mvadapter,goatex,TEXGen,spotex,paint3d,A1TDFI3P4A3VRP,H_0001,3S3AMIZX3C123JFNMSFQH0GS2LMDCQ,14
48_d53b232eab0048b48835c2caef28f44e,main,goatex,syncmvd,spotex,TEXGen,mvadapter,paint3d,A1TDFI3P4A3VRP,H_0001,3S3AMIZX3C123JFNMSFQH0GS2LMDCQ,15
01_d85c3093011d4e03a0df7a4049b13816,main,mvadapter,spotex,goatex,paint3d,TEXGen,syncmvd,A1TDFI3P4A3VRP,H_0001,3S3AMIZX3C123JFNMSFQH0GS2LMDCQ,16
06_ce195c7adddb44d2bf963c526756362a,main,spotex,paint3d,mvadapter,syncmvd,TEXGen,goatex,A1TDFI3P4A3VRP,H_0001,3S3AMIZX3C123JFNMSFQH0GS2LMDCQ,17
27_0aa910f8ec974330a9a89a5c7cf4e3dd,main,mvadapter,TEXGen,syncmvd,spotex,paint3d,goatex,A1TDFI3P4A3VRP,H_0001,3S3AMIZX3C123JFNMSFQH0GS2LMDCQ,18
02_16ee83e509e745998f229da44a8387e8,main,spotex,mvadapter,paint3d,goatex,TEXGen,syncmvd,A1TDFI3P4A3VRP,H_0001,3S3AMIZX3C123JFNMSFQH0GS2LMDCQ,19
54_120ac5f53bda4d1d9306a050a3b6e46b,vigilance,spotex,_corrupt_0,_corrupt_2,_corrupt_4,_corrupt_1,_corrupt_3,A1TDFI3P4A3VRP,H_0001,3S3AMIZX3C123JFNMSFQH0GS2LMDCQ,20
35_02797d5feaac4ccabfdf8b357fa2a13a,main,TEXGen,goatex,paint3d,mvadapter,syncmvd,spotex,A1TDFI3P4A3VRP,H_0001,3S3AMIZX3C123JFNMSFQH0GS2LMDCQ,21
54_120ac5f53bda4d1d9306a050a3b6e46b,main,syncmvd,goatex,spotex,mvadapter,paint3d,TEXGen,A1TDFI3P4A3VRP,H_0001,3S3AMIZX3C123JFNMSFQH0GS2LMDCQ,22
35_02797d5feaac4ccabfdf8b357fa2a13a,main,mvadapter,spotex,paint3d,TEXGen,goatex,syncmvd,A1TDFI3P4A3VRP,H_0001,3S3AMIZX3C123JFNMSFQH0GS2LMDCQ,23
48_d53b232eab0048b48835c2caef28f44e,main,goatex,TEXGen,syncmvd,spotex,mvadapter,paint3d,A1TDFI3P4A3VRP,H_0001,3S3AMIZX3C123JFNMSFQH0GS2LMDCQ,24
01_d85c3093011d4e03a0df7a4049b13816,main,mvadapter,goatex,spotex,paint3d,TEXGen,syncmvd,A1GTAZVJU5NIVF,H_0001,3QAPZX2QNM9V6HMRDN2PQGNNW5020D,0
54_120ac5f53bda4d1d9306a050a3b6e46b,vigilance,spotex,_corrupt_4,_corrupt_3,_corrupt_2,_corrupt_1,_corrupt_0,A1GTAZVJU5NIVF,H_0001,3QAPZX2QNM9V6HMRDN2PQGNNW5020D,1
06_ce195c7adddb44d2bf963c526756362a,main,paint3d,spotex,goatex,TEXGen,syncmvd,mvadapter,A1GTAZVJU5NIVF,H_0001,3QAPZX2QNM9V6HMRDN2PQGNNW5020D,2
54_120ac5f53bda4d1d9306a050a3b6e46b,vigilance,spotex,_corrupt_3,_corrupt_2,_corrupt_0,_corrupt_4,_corrupt_1,A1GTAZVJU5NIVF,H_0001,3QAPZX2QNM9V6HMRDN2PQGNNW5020D,3
45_1a6d42ef69294498937aab039ececb00,main,spotex,mvadapter,TEXGen,paint3d,goatex,syncmvd,A1GTAZVJU5NIVF,H_0001,3QAPZX2QNM9V6HMRDN2PQGNNW5020D,4
02_16ee83e509e745998f229da44a8387e8,main,TEXGen,syncmvd,paint3d,goatex,mvadapter,spotex,A1GTAZVJU5NIVF,H_0001,3QAPZX2QNM9V6HMRDN2PQGNNW5020D,5
58_1d7b005b0cf241d9890739a549769c86,main,goatex,syncmvd,TEXGen,mvadapter,spotex,paint3d,A1GTAZVJU5NIVF,H_0001,3QAPZX2QNM9V6HMRDN2PQGNNW5020D,6
27_0aa910f8ec974330a9a89a5c7cf4e3dd,vigilance,spotex,_corrupt_1,_corrupt_4,_corrupt_2,_corrupt_3,_corrupt_0,A1GTAZVJU5NIVF,H_0001,3QAPZX2QNM9V6HMRDN2PQGNNW5020D,7
02_16ee83e509e745998f229da44a8387e8,main,syncmvd,TEXGen,paint3d,goatex,mvadapter,spotex,A1GTAZVJU5NIVF,H_0001,3QAPZX2QNM9V6HMRDN2PQGNNW5020D,8
45_1a6d42ef69294498937aab039ececb00,main,spotex,mvadapter,paint3d,TEXGen,goatex,syncmvd,A1GTAZVJU5NIVF,H_0001,3QAPZX2QNM9V6HMRDN2PQGNNW5020D,9
58_1d7b005b0cf241d9890739a549769c86,vigilance,spotex,_corrupt_1,_corrupt_2,_corrupt_3,_corrupt_0,_corrupt_4,A1GTAZVJU5NIVF,H_0001,3QAPZX2QNM9V6HMRDN2PQGNNW5020D,10
02_16ee83e509e745998f229da44a8387e8,main,syncmvd,paint3d,mvadapter,TEXGen,goatex,spotex,A1GTAZVJU5NIVF,H_0001,3QAPZX2QNM9V6HMRDN2PQGNNW5020D,11
27_0aa910f8ec974330a9a89a5c7cf4e3dd,main,paint3d,TEXGen,spotex,syncmvd,goatex,mvadapter,A1GTAZVJU5NIVF,H_0001,3QAPZX2QNM9V6HMRDN2PQGNNW5020D,12
58_1d7b005b0cf241d9890739a549769c86,main,goatex,spotex,TEXGen,syncmvd,paint3d,mvadapter,A1GTAZVJU5NIVF,H_0001,3QAPZX2QNM9V6HMRDN2PQGNNW5020D,13
54_120ac5f53bda4d1d9306a050a3b6e46b,main,mvadapter,syncmvd,paint3d,goatex,TEXGen,spotex,A1GTAZVJU5NIVF,H_0001,3QAPZX2QNM9V6HMRDN2PQGNNW5020D,14
48_d53b232eab0048b48835c2caef28f44e,main,goatex,spotex,TEXGen,paint3d,syncmvd,mvadapter,A1GTAZVJU5NIVF,H_0001,3QAPZX2QNM9V6HMRDN2PQGNNW5020D,15
01_d85c3093011d4e03a0df7a4049b13816,main,mvadapter,paint3d,syncmvd,spotex,goatex,TEXGen,A1GTAZVJU5NIVF,H_0001,3QAPZX2QNM9V6HMRDN2PQGNNW5020D,16
06_ce195c7adddb44d2bf963c526756362a,main,paint3d,syncmvd,TEXGen,mvadapter,goatex,spotex,A1GTAZVJU5NIVF,H_0001,3QAPZX2QNM9V6HMRDN2PQGNNW5020D,17
27_0aa910f8ec974330a9a89a5c7cf4e3dd,main,paint3d,TEXGen,goatex,syncmvd,spotex,mvadapter,A1GTAZVJU5NIVF,H_0001,3QAPZX2QNM9V6HMRDN2PQGNNW5020D,18
02_16ee83e509e745998f229da44a8387e8,main,TEXGen,syncmvd,paint3d,goatex,mvadapter,spotex,A1GTAZVJU5NIVF,H_0001,3QAPZX2QNM9V6HMRDN2PQGNNW5020D,19
54_120ac5f53bda4d1d9306a050a3b6e46b,vigilance,spotex,_corrupt_0,_corrupt_2,_corrupt_4,_corrupt_1,_corrupt_3,A1GTAZVJU5NIVF,H_0001,3QAPZX2QNM9V6HMRDN2PQGNNW5020D,20
35_02797d5feaac4ccabfdf8b357fa2a13a,main,spotex,goatex,syncmvd,TEXGen,mvadapter,paint3d,A1GTAZVJU5NIVF,H_0001,3QAPZX2QNM9V6HMRDN2PQGNNW5020D,21
54_120ac5f53bda4d1d9306a050a3b6e46b,main,mvadapter,spotex,goatex,syncmvd,TEXGen,paint3d,A1GTAZVJU5NIVF,H_0001,3QAPZX2QNM9V6HMRDN2PQGNNW5020D,22
35_02797d5feaac4ccabfdf8b357fa2a13a,main,spotex,mvadapter,paint3d,TEXGen,syncmvd,goatex,A1GTAZVJU5NIVF,H_0001,3QAPZX2QNM9V6HMRDN2PQGNNW5020D,23
48_d53b232eab0048b48835c2caef28f44e,main,spotex,syncmvd,goatex,paint3d,TEXGen,mvadapter,A1GTAZVJU5NIVF,H_0001,3QAPZX2QNM9V6HMRDN2PQGNNW5020D,24
01_d85c3093011d4e03a0df7a4049b13816,main,goatex,syncmvd,paint3d,TEXGen,spotex,mvadapter,A11TWZ8EQJ9E7P,H_0001,3U088ZLJV2PHIXKYR7RWEN3C0CU0WS,0
54_120ac5f53bda4d1d9306a050a3b6e46b,vigilance,spotex,_corrupt_0,_corrupt_3,_corrupt_4,_corrupt_2,_corrupt_1,A11TWZ8EQJ9E7P,H_0001,3U088ZLJV2PHIXKYR7RWEN3C0CU0WS,1
06_ce195c7adddb44d2bf963c526756362a,main,spotex,TEXGen,syncmvd,goatex,paint3d,mvadapter,A11TWZ8EQJ9E7P,H_0001,3U088ZLJV2PHIXKYR7RWEN3C0CU0WS,2
54_120ac5f53bda4d1d9306a050a3b6e46b,vigilance,spotex,_corrupt_2,_corrupt_3,_corrupt_0,_corrupt_1,_corrupt_4,A11TWZ8EQJ9E7P,H_0001,3U088ZLJV2PHIXKYR7RWEN3C0CU0WS,3
45_1a6d42ef69294498937aab039ececb00,main,mvadapter,paint3d,goatex,spotex,syncmvd,TEXGen,A11TWZ8EQJ9E7P,H_0001,3U088ZLJV2PHIXKYR7RWEN3C0CU0WS,4
02_16ee83e509e745998f229da44a8387e8,main,spotex,goatex,mvadapter,TEXGen,syncmvd,paint3d,A11TWZ8EQJ9E7P,H_0001,3U088ZLJV2PHIXKYR7RWEN3C0CU0WS,5
58_1d7b005b0cf241d9890739a549769c86,main,goatex,TEXGen,syncmvd,paint3d,mvadapter,spotex,A11TWZ8EQJ9E7P,H_0001,3U088ZLJV2PHIXKYR7RWEN3C0CU0WS,6
27_0aa910f8ec974330a9a89a5c7cf4e3dd,vigilance,spotex,_corrupt_1,_corrupt_4,_corrupt_2,_corrupt_3,_corrupt_0,A11TWZ8EQJ9E7P,H_0001,3U088ZLJV2PHIXKYR7RWEN3C0CU0WS,7
02_16ee83e509e745998f229da44a8387e8,main,spotex,goatex,mvadapter,syncmvd,TEXGen,paint3d,A11TWZ8EQJ9E7P,H_0001,3U088ZLJV2PHIXKYR7RWEN3C0CU0WS,8
45_1a6d42ef69294498937aab039ececb00,main,syncmvd,spotex,mvadapter,paint3d,TEXGen,goatex,A11TWZ8EQJ9E7P,H_0001,3U088ZLJV2PHIXKYR7RWEN3C0CU0WS,9
58_1d7b005b0cf241d9890739a549769c86,vigilance,spotex,_corrupt_0,_corrupt_1,_corrupt_3,_corrupt_2,_corrupt_4,A11TWZ8EQJ9E7P,H_0001,3U088ZLJV2PHIXKYR7RWEN3C0CU0WS,10
02_16ee83e509e745998f229da44a8387e8,main,spotex,mvadapter,goatex,syncmvd,TEXGen,paint3d,A11TWZ8EQJ9E7P,H_0001,3U088ZLJV2PHIXKYR7RWEN3C0CU0WS,11
27_0aa910f8ec974330a9a89a5c7cf4e3dd,main,spotex,mvadapter,syncmvd,paint3d,goatex,TEXGen,A11TWZ8EQJ9E7P,H_0001,3U088ZLJV2PHIXKYR7RWEN3C0CU0WS,12
58_1d7b005b0cf241d9890739a549769c86,main,spotex,TEXGen,syncmvd,mvadapter,paint3d,goatex,A11TWZ8EQJ9E7P,H_0001,3U088ZLJV2PHIXKYR7RWEN3C0CU0WS,13
54_120ac5f53bda4d1d9306a050a3b6e46b,main,TEXGen,goatex,syncmvd,spotex,paint3d,mvadapter,A11TWZ8EQJ9E7P,H_0001,3U088ZLJV2PHIXKYR7RWEN3C0CU0WS,14
48_d53b232eab0048b48835c2caef28f44e,main,spotex,mvadapter,TEXGen,paint3d,goatex,syncmvd,A11TWZ8EQJ9E7P,H_0001,3U088ZLJV2PHIXKYR7RWEN3C0CU0WS,15
01_d85c3093011d4e03a0df7a4049b13816,main,mvadapter,TEXGen,syncmvd,goatex,paint3d,spotex,A11TWZ8EQJ9E7P,H_0001,3U088ZLJV2PHIXKYR7RWEN3C0CU0WS,16
06_ce195c7adddb44d2bf963c526756362a,main,spotex,TEXGen,mvadapter,syncmvd,goatex,paint3d,A11TWZ8EQJ9E7P,H_0001,3U088ZLJV2PHIXKYR7RWEN3C0CU0WS,17
27_0aa910f8ec974330a9a89a5c7cf4e3dd,main,mvadapter,spotex,syncmvd,paint3d,TEXGen,goatex,A11TWZ8EQJ9E7P,H_0001,3U088ZLJV2PHIXKYR7RWEN3C0CU0WS,18
02_16ee83e509e745998f229da44a8387e8,main,spotex,goatex,mvadapter,TEXGen,syncmvd,paint3d,A11TWZ8EQJ9E7P,H_0001,3U088ZLJV2PHIXKYR7RWEN3C0CU0WS,19
54_120ac5f53bda4d1d9306a050a3b6e46b,vigilance,spotex,_corrupt_0,_corrupt_1,_corrupt_3,_corrupt_2,_corrupt_4,A11TWZ8EQJ9E7P,H_0001,3U088ZLJV2PHIXKYR7RWEN3C0CU0WS,20
35_02797d5feaac4ccabfdf8b357fa2a13a,main,spotex,goatex,syncmvd,TEXGen,paint3d,mvadapter,A11TWZ8EQJ9E7P,H_0001,3U088ZLJV2PHIXKYR7RWEN3C0CU0WS,21
54_120ac5f53bda4d1d9306a050a3b6e46b,main,TEXGen,goatex,syncmvd,spotex,paint3d,mvadapter,A11TWZ8EQJ9E7P,H_0001,3U088ZLJV2PHIXKYR7RWEN3C0CU0WS,22
35_02797d5feaac4ccabfdf8b357fa2a13a,main,TEXGen,syncmvd,mvadapter,spotex,paint3d,goatex,A11TWZ8EQJ9E7P,H_0001,3U088ZLJV2PHIXKYR7RWEN3C0CU0WS,23
48_d53b232eab0048b48835c2caef28f44e,main,paint3d,syncmvd,goatex,TEXGen,spotex,mvadapter,A11TWZ8EQJ9E7P,H_0001,3U088ZLJV2PHIXKYR7RWEN3C0CU0WS,24
01_d85c3093011d4e03a0df7a4049b13816,main,spotex,goatex,syncmvd,paint3d,mvadapter,TEXGen,A2OXYZ82Q8UTSA,H_0001,3S4AW7T80TEI6RQ06U7WHFC9JH74LK,0
54_120ac5f53bda4d1d9306a050a3b6e46b,vigilance,spotex,_corrupt_4,_corrupt_3,_corrupt_2,_corrupt_1,_corrupt_0,A2OXYZ82Q8UTSA,H_0001,3S4AW7T80TEI6RQ06U7WHFC9JH74LK,1
06_ce195c7adddb44d2bf963c526756362a,main,spotex,mvadapter,goatex,TEXGen,syncmvd,paint3d,A2OXYZ82Q8UTSA,H_0001,3S4AW7T80TEI6RQ06U7WHFC9JH74LK,2
54_120ac5f53bda4d1d9306a050a3b6e46b,vigilance,spotex,_corrupt_3,_corrupt_0,_corrupt_4,_corrupt_2,_corrupt_1,A2OXYZ82Q8UTSA,H_0001,3S4AW7T80TEI6RQ06U7WHFC9JH74LK,3
45_1a6d42ef69294498937aab039ececb00,main,TEXGen,syncmvd,paint3d,goatex,spotex,mvadapter,A2OXYZ82Q8UTSA,H_0001,3S4AW7T80TEI6RQ06U7WHFC9JH74LK,4
02_16ee83e509e745998f229da44a8387e8,main,spotex,goatex,mvadapter,syncmvd,TEXGen,paint3d,A2OXYZ82Q8UTSA,H_0001,3S4AW7T80TEI6RQ06U7WHFC9JH74LK,5
58_1d7b005b0cf241d9890739a549769c86,main,spotex,syncmvd,goatex,TEXGen,mvadapter,paint3d,A2OXYZ82Q8UTSA,H_0001,3S4AW7T80TEI6RQ06U7WHFC9JH74LK,6
27_0aa910f8ec974330a9a89a5c7cf4e3dd,vigilance,spotex,_corrupt_1,_corrupt_4,_corrupt_2,_corrupt_3,_corrupt_0,A2OXYZ82Q8UTSA,H_0001,3S4AW7T80TEI6RQ06U7WHFC9JH74LK,7
02_16ee83e509e745998f229da44a8387e8,main,spotex,goatex,mvadapter,TEXGen,syncmvd,paint3d,A2OXYZ82Q8UTSA,H_0001,3S4AW7T80TEI6RQ06U7WHFC9JH74LK,8
45_1a6d42ef69294498937aab039ececb00,main,syncmvd,TEXGen,goatex,paint3d,mvadapter,spotex,A2OXYZ82Q8UTSA,H_0001,3S4AW7T80TEI6RQ06U7WHFC9JH74LK,9
58_1d7b005b0cf241d9890739a549769c86,vigilance,spotex,_corrupt_1,_corrupt_2,_corrupt_3,_corrupt_0,_corrupt_4,A2OXYZ82Q8UTSA,H_0001,3S4AW7T80TEI6RQ06U7WHFC9JH74LK,10
02_16ee83e509e745998f229da44a8387e8,main,spotex,goatex,mvadapter,syncmvd,TEXGen,paint3d,A2OXYZ82Q8UTSA,H_0001,3S4AW7T80TEI6RQ06U7WHFC9JH74LK,11
27_0aa910f8ec974330a9a89a5c7cf4e3dd,main,mvadapter,spotex,syncmvd,TEXGen,paint3d,goatex,A2OXYZ82Q8UTSA,H_0001,3S4AW7T80TEI6RQ06U7WHFC9JH74LK,12
58_1d7b005b0cf241d9890739a549769c86,main,spotex,goatex,syncmvd,TEXGen,mvadapter,paint3d,A2OXYZ82Q8UTSA,H_0001,3S4AW7T80TEI6RQ06U7WHFC9JH74LK,13
54_120ac5f53bda4d1d9306a050a3b6e46b,main,spotex,mvadapter,paint3d,syncmvd,TEXGen,goatex,A2OXYZ82Q8UTSA,H_0001,3S4AW7T80TEI6RQ06U7WHFC9JH74LK,14
48_d53b232eab0048b48835c2caef28f44e,main,mvadapter,spotex,goatex,TEXGen,syncmvd,paint3d,A2OXYZ82Q8UTSA,H_0001,3S4AW7T80TEI6RQ06U7WHFC9JH74LK,15
01_d85c3093011d4e03a0df7a4049b13816,main,spotex,goatex,paint3d,mvadapter,TEXGen,syncmvd,A2OXYZ82Q8UTSA,H_0001,3S4AW7T80TEI6RQ06U7WHFC9JH74LK,16
06_ce195c7adddb44d2bf963c526756362a,main,spotex,goatex,mvadapter,paint3d,TEXGen,syncmvd,A2OXYZ82Q8UTSA,H_0001,3S4AW7T80TEI6RQ06U7WHFC9JH74LK,17
27_0aa910f8ec974330a9a89a5c7cf4e3dd,main,goatex,paint3d,spotex,mvadapter,syncmvd,TEXGen,A2OXYZ82Q8UTSA,H_0001,3S4AW7T80TEI6RQ06U7WHFC9JH74LK,18
02_16ee83e509e745998f229da44a8387e8,main,spotex,goatex,mvadapter,TEXGen,syncmvd,paint3d,A2OXYZ82Q8UTSA,H_0001,3S4AW7T80TEI6RQ06U7WHFC9JH74LK,19
54_120ac5f53bda4d1d9306a050a3b6e46b,vigilance,spotex,_corrupt_0,_corrupt_2,_corrupt_4,_corrupt_1,_corrupt_3,A2OXYZ82Q8UTSA,H_0001,3S4AW7T80TEI6RQ06U7WHFC9JH74LK,20
35_02797d5feaac4ccabfdf8b357fa2a13a,main,spotex,goatex,paint3d,syncmvd,TEXGen,mvadapter,A2OXYZ82Q8UTSA,H_0001,3S4AW7T80TEI6RQ06U7WHFC9JH74LK,21
54_120ac5f53bda4d1d9306a050a3b6e46b,main,paint3d,TEXGen,mvadapter,spotex,goatex,syncmvd,A2OXYZ82Q8UTSA,H_0001,3S4AW7T80TEI6RQ06U7WHFC9JH74LK,22
35_02797d5feaac4ccabfdf8b357fa2a13a,main,spotex,mvadapter,paint3d,TEXGen,syncmvd,goatex,A2OXYZ82Q8UTSA,H_0001,3S4AW7T80TEI6RQ06U7WHFC9JH74LK,23
48_d53b232eab0048b48835c2caef28f44e,main,mvadapter,spotex,goatex,syncmvd,TEXGen,paint3d,A2OXYZ82Q8UTSA,H_0001,3S4AW7T80TEI6RQ06U7WHFC9JH74LK,24
01_d85c3093011d4e03a0df7a4049b13816,main,mvadapter,goatex,spotex,syncmvd,TEXGen,paint3d,A36B4ZMCYQHKBJ,H_0001,333U7HK6IRBPBXLTWKWC44TNS5UJD9,0
54_120ac5f53bda4d1d9306a050a3b6e46b,vigilance,spotex,_corrupt_4,_corrupt_3,_corrupt_2,_corrupt_1,_corrupt_0,A36B4ZMCYQHKBJ,H_0001,333U7HK6IRBPBXLTWKWC44TNS5UJD9,1
06_ce195c7adddb44d2bf963c526756362a,main,spotex,goatex,paint3d,syncmvd,TEXGen,mvadapter,A36B4ZMCYQHKBJ,H_0001,333U7HK6IRBPBXLTWKWC44TNS5UJD9,2
54_120ac5f53bda4d1d9306a050a3b6e46b,vigilance,spotex,_corrupt_3,_corrupt_2,_corrupt_0,_corrupt_4,_corrupt_1,A36B4ZMCYQHKBJ,H_0001,333U7HK6IRBPBXLTWKWC44TNS5UJD9,3
45_1a6d42ef69294498937aab039ececb00,main,spotex,syncmvd,TEXGen,goatex,mvadapter,paint3d,A36B4ZMCYQHKBJ,H_0001,333U7HK6IRBPBXLTWKWC44TNS5UJD9,4
02_16ee83e509e745998f229da44a8387e8,main,mvadapter,spotex,goatex,syncmvd,paint3d,TEXGen,A36B4ZMCYQHKBJ,H_0001,333U7HK6IRBPBXLTWKWC44TNS5UJD9,5
58_1d7b005b0cf241d9890739a549769c86,main,spotex,mvadapter,syncmvd,TEXGen,goatex,paint3d,A36B4ZMCYQHKBJ,H_0001,333U7HK6IRBPBXLTWKWC44TNS5UJD9,6
27_0aa910f8ec974330a9a89a5c7cf4e3dd,vigilance,spotex,_corrupt_1,_corrupt_4,_corrupt_2,_corrupt_3,_corrupt_0,A36B4ZMCYQHKBJ,H_0001,333U7HK6IRBPBXLTWKWC44TNS5UJD9,7
02_16ee83e509e745998f229da44a8387e8,main,mvadapter,goatex,spotex,TEXGen,paint3d,syncmvd,A36B4ZMCYQHKBJ,H_0001,333U7HK6IRBPBXLTWKWC44TNS5UJD9,8
45_1a6d42ef69294498937aab039ececb00,main,spotex,syncmvd,TEXGen,paint3d,goatex,mvadapter,A36B4ZMCYQHKBJ,H_0001,333U7HK6IRBPBXLTWKWC44TNS5UJD9,9
58_1d7b005b0cf241d9890739a549769c86,vigilance,spotex,_corrupt_1,_corrupt_2,_corrupt_3,_corrupt_0,_corrupt_4,A36B4ZMCYQHKBJ,H_0001,333U7HK6IRBPBXLTWKWC44TNS5UJD9,10
02_16ee83e509e745998f229da44a8387e8,main,mvadapter,spotex,goatex,paint3d,syncmvd,TEXGen,A36B4ZMCYQHKBJ,H_0001,333U7HK6IRBPBXLTWKWC44TNS5UJD9,11
27_0aa910f8ec974330a9a89a5c7cf4e3dd,main,spotex,mvadapter,paint3d,goatex,TEXGen,syncmvd,A36B4ZMCYQHKBJ,H_0001,333U7HK6IRBPBXLTWKWC44TNS5UJD9,12
58_1d7b005b0cf241d9890739a549769c86,main,spotex,mvadapter,goatex,TEXGen,syncmvd,paint3d,A36B4ZMCYQHKBJ,H_0001,333U7HK6IRBPBXLTWKWC44TNS5UJD9,13
54_120ac5f53bda4d1d9306a050a3b6e46b,main,spotex,syncmvd,TEXGen,goatex,mvadapter,paint3d,A36B4ZMCYQHKBJ,H_0001,333U7HK6IRBPBXLTWKWC44TNS5UJD9,14
48_d53b232eab0048b48835c2caef28f44e,main,goatex,TEXGen,syncmvd,spotex,paint3d,mvadapter,A36B4ZMCYQHKBJ,H_0001,333U7HK6IRBPBXLTWKWC44TNS5UJD9,15
01_d85c3093011d4e03a0df7a4049b13816,main,mvadapter,paint3d,syncmvd,TEXGen,goatex,spotex,A36B4ZMCYQHKBJ,H_0001,333U7HK6IRBPBXLTWKWC44TNS5UJD9,16
06_ce195c7adddb44d2bf963c526756362a,main,spotex,paint3d,syncmvd,mvadapter,goatex,TEXGen,A36B4ZMCYQHKBJ,H_0001,333U7HK6IRBPBXLTWKWC44TNS5UJD9,17
27_0aa910f8ec974330a9a89a5c7cf4e3dd,main,mvadapter,spotex,syncmvd,TEXGen,paint3d,goatex,A36B4ZMCYQHKBJ,H_0001,333U7HK6IRBPBXLTWKWC44TNS5UJD9,18
02_16ee83e509e745998f229da44a8387e8,main,mvadapter,goatex,spotex,syncmvd,paint3d,TEXGen,A36B4ZMCYQHKBJ,H_0001,333U7HK6IRBPBXLTWKWC44TNS5UJD9,19
54_120ac5f53bda4d1d9306a050a3b6e46b,vigilance,spotex,_corrupt_0,_corrupt_2,_corrupt_4,_corrupt_1,_corrupt_3,A36B4ZMCYQHKBJ,H_0001,333U7HK6IRBPBXLTWKWC44TNS5UJD9,20
35_02797d5feaac4ccabfdf8b357fa2a13a,main,syncmvd,spotex,goatex,paint3d,TEXGen,mvadapter,A36B4ZMCYQHKBJ,H_0001,333U7HK6IRBPBXLTWKWC44TNS5UJD9,21
54_120ac5f53bda4d1d9306a050a3b6e46b,main,spotex,TEXGen,syncmvd,goatex,paint3d,mvadapter,A36B4ZMCYQHKBJ,H_0001,333U7HK6IRBPBXLTWKWC44TNS5UJD9,22
35_02797d5feaac4ccabfdf8b357fa2a13a,main,spotex,mvadapter,paint3d,TEXGen,syncmvd,goatex,A36B4ZMCYQHKBJ,H_0001,333U7HK6IRBPBXLTWKWC44TNS5UJD9,23
48_d53b232eab0048b48835c2caef28f44e,main,goatex,TEXGen,spotex,syncmvd,paint3d,mvadapter,A36B4ZMCYQHKBJ,H_0001,333U7HK6IRBPBXLTWKWC44TNS5UJD9,24
01_d85c3093011d4e03a0df7a4049b13816,main,spotex,goatex,TEXGen,mvadapter,syncmvd,paint3d,A177VIW43UU3O2,H_0001,39GHHAVOMXNCB12039VJ10ZHFS1J4W,0
54_120ac5f53bda4d1d9306a050a3b6e46b,vigilance,spotex,_corrupt_4,_corrupt_3,_corrupt_2,_corrupt_1,_corrupt_0,A177VIW43UU3O2,H_0001,39GHHAVOMXNCB12039VJ10ZHFS1J4W,1
06_ce195c7adddb44d2bf963c526756362a,main,syncmvd,spotex,goatex,TEXGen,mvadapter,paint3d,A177VIW43UU3O2,H_0001,39GHHAVOMXNCB12039VJ10ZHFS1J4W,2
54_120ac5f53bda4d1d9306a050a3b6e46b,vigilance,spotex,_corrupt_3,_corrupt_2,_corrupt_0,_corrupt_4,_corrupt_1,A177VIW43UU3O2,H_0001,39GHHAVOMXNCB12039VJ10ZHFS1J4W,3
45_1a6d42ef69294498937aab039ececb00,main,spotex,goatex,paint3d,TEXGen,syncmvd,mvadapter,A177VIW43UU3O2,H_0001,39GHHAVOMXNCB12039VJ10ZHFS1J4W,4
02_16ee83e509e745998f229da44a8387e8,main,spotex,goatex,mvadapter,syncmvd,TEXGen,paint3d,A177VIW43UU3O2,H_0001,39GHHAVOMXNCB12039VJ10ZHFS1J4W,5
58_1d7b005b0cf241d9890739a549769c86,main,spotex,TEXGen,syncmvd,goatex,mvadapter,paint3d,A177VIW43UU3O2,H_0001,39GHHAVOMXNCB12039VJ10ZHFS1J4W,6
27_0aa910f8ec974330a9a89a5c7cf4e3dd,vigilance,spotex,_corrupt_1,_corrupt_4,_corrupt_2,_corrupt_3,_corrupt_0,A177VIW43UU3O2,H_0001,39GHHAVOMXNCB12039VJ10ZHFS1J4W,7
02_16ee83e509e745998f229da44a8387e8,main,spotex,goatex,mvadapter,TEXGen,syncmvd,paint3d,A177VIW43UU3O2,H_0001,39GHHAVOMXNCB12039VJ10ZHFS1J4W,8
45_1a6d42ef69294498937aab039ececb00,main,spotex,goatex,paint3d,TEXGen,syncmvd,mvadapter,A177VIW43UU3O2,H_0001,39GHHAVOMXNCB12039VJ10ZHFS1J4W,9
58_1d7b005b0cf241d9890739a549769c86,vigilance,spotex,_corrupt_1,_corrupt_2,_corrupt_3,_corrupt_0,_corrupt_4,A177VIW43UU3O2,H_0001,39GHHAVOMXNCB12039VJ10ZHFS1J4W,10
02_16ee83e509e745998f229da44a8387e8,main,spotex,goatex,mvadapter,TEXGen,syncmvd,paint3d,A177VIW43UU3O2,H_0001,39GHHAVOMXNCB12039VJ10ZHFS1J4W,11
27_0aa910f8ec974330a9a89a5c7cf4e3dd,main,spotex,mvadapter,TEXGen,syncmvd,paint3d,goatex,A177VIW43UU3O2,H_0001,39GHHAVOMXNCB12039VJ10ZHFS1J4W,12
58_1d7b005b0cf241d9890739a549769c86,main,spotex,goatex,syncmvd,TEXGen,mvadapter,paint3d,A177VIW43UU3O2,H_0001,39GHHAVOMXNCB12039VJ10ZHFS1J4W,13
54_120ac5f53bda4d1d9306a050a3b6e46b,main,spotex,mvadapter,syncmvd,paint3d,TEXGen,goatex,A177VIW43UU3O2,H_0001,39GHHAVOMXNCB12039VJ10ZHFS1J4W,14
48_d53b232eab0048b48835c2caef28f44e,main,paint3d,spotex,syncmvd,mvadapter,goatex,TEXGen,A177VIW43UU3O2,H_0001,39GHHAVOMXNCB12039VJ10ZHFS1J4W,15
01_d85c3093011d4e03a0df7a4049b13816,main,spotex,paint3d,goatex,mvadapter,syncmvd,TEXGen,A177VIW43UU3O2,H_0001,39GHHAVOMXNCB12039VJ10ZHFS1J4W,16
06_ce195c7adddb44d2bf963c526756362a,main,goatex,mvadapter,spotex,syncmvd,TEXGen,paint3d,A177VIW43UU3O2,H_0001,39GHHAVOMXNCB12039VJ10ZHFS1J4W,17
27_0aa910f8ec974330a9a89a5c7cf4e3dd,main,spotex,mvadapter,TEXGen,syncmvd,goatex,paint3d,A177VIW43UU3O2,H_0001,39GHHAVOMXNCB12039VJ10ZHFS1J4W,18
02_16ee83e509e745998f229da44a8387e8,main,spotex,goatex,mvadapter,syncmvd,TEXGen,paint3d,A177VIW43UU3O2,H_0001,39GHHAVOMXNCB12039VJ10ZHFS1J4W,19
54_120ac5f53bda4d1d9306a050a3b6e46b,vigilance,spotex,_corrupt_0,_corrupt_2,_corrupt_4,_corrupt_1,_corrupt_3,A177VIW43UU3O2,H_0001,39GHHAVOMXNCB12039VJ10ZHFS1J4W,20
35_02797d5feaac4ccabfdf8b357fa2a13a,main,spotex,mvadapter,goatex,paint3d,TEXGen,syncmvd,A177VIW43UU3O2,H_0001,39GHHAVOMXNCB12039VJ10ZHFS1J4W,21
54_120ac5f53bda4d1d9306a050a3b6e46b,main,spotex,mvadapter,paint3d,TEXGen,goatex,syncmvd,A177VIW43UU3O2,H_0001,39GHHAVOMXNCB12039VJ10ZHFS1J4W,22
35_02797d5feaac4ccabfdf8b357fa2a13a,main,spotex,mvadapter,syncmvd,TEXGen,goatex,paint3d,A177VIW43UU3O2,H_0001,39GHHAVOMXNCB12039VJ10ZHFS1J4W,23
48_d53b232eab0048b48835c2caef28f44e,main,paint3d,spotex,syncmvd,mvadapter,goatex,TEXGen,A177VIW43UU3O2,H_0001,39GHHAVOMXNCB12039VJ10ZHFS1J4W,24
01_d85c3093011d4e03a0df7a4049b13816,main,mvadapter,spotex,paint3d,goatex,syncmvd,TEXGen,A3DJUABETF36E0,H_0001,3X3OR7WPZHWJPSD2IXX9YRSEL338LV,0
54_120ac5f53bda4d1d9306a050a3b6e46b,vigilance,spotex,_corrupt_2,_corrupt_4,_corrupt_1,_corrupt_3,_corrupt_0,A3DJUABETF36E0,H_0001,3X3OR7WPZHWJPSD2IXX9YRSEL338LV,1
06_ce195c7adddb44d2bf963c526756362a,main,spotex,syncmvd,goatex,TEXGen,mvadapter,paint3d,A3DJUABETF36E0,H_0001,3X3OR7WPZHWJPSD2IXX9YRSEL338LV,2
54_120ac5f53bda4d1d9306a050a3b6e46b,vigilance,spotex,_corrupt_2,_corrupt_0,_corrupt_1,_corrupt_3,_corrupt_4,A3DJUABETF36E0,H_0001,3X3OR7WPZHWJPSD2IXX9YRSEL338LV,3
45_1a6d42ef69294498937aab039ececb00,main,spotex,goatex,paint3d,TEXGen,syncmvd,mvadapter,A3DJUABETF36E0,H_0001,3X3OR7WPZHWJPSD2IXX9YRSEL338LV,4
02_16ee83e509e745998f229da44a8387e8,main,spotex,mvadapter,paint3d,syncmvd,TEXGen,goatex,A3DJUABETF36E0,H_0001,3X3OR7WPZHWJPSD2IXX9YRSEL338LV,5
58_1d7b005b0cf241d9890739a549769c86,main,spotex,syncmvd,goatex,TEXGen,mvadapter,paint3d,A3DJUABETF36E0,H_0001,3X3OR7WPZHWJPSD2IXX9YRSEL338LV,6
27_0aa910f8ec974330a9a89a5c7cf4e3dd,vigilance,spotex,_corrupt_2,_corrupt_4,_corrupt_3,_corrupt_1,_corrupt_0,A3DJUABETF36E0,H_0001,3X3OR7WPZHWJPSD2IXX9YRSEL338LV,7
02_16ee83e509e745998f229da44a8387e8,main,spotex,syncmvd,mvadapter,TEXGen,goatex,paint3d,A3DJUABETF36E0,H_0001,3X3OR7WPZHWJPSD2IXX9YRSEL338LV,8
45_1a6d42ef69294498937aab039ececb00,main,spotex,paint3d,goatex,TEXGen,mvadapter,syncmvd,A3DJUABETF36E0,H_0001,3X3OR7WPZHWJPSD2IXX9YRSEL338LV,9
58_1d7b005b0cf241d9890739a549769c86,vigilance,spotex,_corrupt_2,_corrupt_3,_corrupt_4,_corrupt_1,_corrupt_0,A3DJUABETF36E0,H_0001,3X3OR7WPZHWJPSD2IXX9YRSEL338LV,10
02_16ee83e509e745998f229da44a8387e8,main,spotex,syncmvd,mvadapter,paint3d,TEXGen,goatex,A3DJUABETF36E0,H_0001,3X3OR7WPZHWJPSD2IXX9YRSEL338LV,11
27_0aa910f8ec974330a9a89a5c7cf4e3dd,main,mvadapter,spotex,paint3d,syncmvd,goatex,TEXGen,A3DJUABETF36E0,H_0001,3X3OR7WPZHWJPSD2IXX9YRSEL338LV,12
58_1d7b005b0cf241d9890739a549769c86,main,spotex,goatex,syncmvd,TEXGen,mvadapter,paint3d,A3DJUABETF36E0,H_0001,3X3OR7WPZHWJPSD2IXX9YRSEL338LV,13
54_120ac5f53bda4d1d9306a050a3b6e46b,main,mvadapter,goatex,TEXGen,syncmvd,spotex,paint3d,A3DJUABETF36E0,H_0001,3X3OR7WPZHWJPSD2IXX9YRSEL338LV,14
48_d53b232eab0048b48835c2caef28f44e,main,spotex,mvadapter,goatex,syncmvd,TEXGen,paint3d,A3DJUABETF36E0,H_0001,3X3OR7WPZHWJPSD2IXX9YRSEL338LV,15
01_d85c3093011d4e03a0df7a4049b13816,main,spotex,mvadapter,paint3d,goatex,TEXGen,syncmvd,A3DJUABETF36E0,H_0001,3X3OR7WPZHWJPSD2IXX9YRSEL338LV,16
06_ce195c7adddb44d2bf963c526756362a,main,spotex,mvadapter,syncmvd,goatex,TEXGen,paint3d,A3DJUABETF36E0,H_0001,3X3OR7WPZHWJPSD2IXX9YRSEL338LV,17
27_0aa910f8ec974330a9a89a5c7cf4e3dd,main,mvadapter,spotex,paint3d,TEXGen,syncmvd,goatex,A3DJUABETF36E0,H_0001,3X3OR7WPZHWJPSD2IXX9YRSEL338LV,18
02_16ee83e509e745998f229da44a8387e8,main,spotex,mvadapter,goatex,syncmvd,TEXGen,paint3d,A3DJUABETF36E0,H_0001,3X3OR7WPZHWJPSD2IXX9YRSEL338LV,19
54_120ac5f53bda4d1d9306a050a3b6e46b,vigilance,spotex,_corrupt_4,_corrupt_0,_corrupt_2,_corrupt_1,_corrupt_3,A3DJUABETF36E0,H_0001,3X3OR7WPZHWJPSD2IXX9YRSEL338LV,20
35_02797d5feaac4ccabfdf8b357fa2a13a,main,spotex,goatex,syncmvd,TEXGen,mvadapter,paint3d,A3DJUABETF36E0,H_0001,3X3OR7WPZHWJPSD2IXX9YRSEL338LV,21
54_120ac5f53bda4d1d9306a050a3b6e46b,main,spotex,syncmvd,goatex,TEXGen,mvadapter,paint3d,A3DJUABETF36E0,H_0001,3X3OR7WPZHWJPSD2IXX9YRSEL338LV,22
35_02797d5feaac4ccabfdf8b357fa2a13a,main,spotex,mvadapter,goatex,paint3d,syncmvd,TEXGen,A3DJUABETF36E0,H_0001,3X3OR7WPZHWJPSD2IXX9YRSEL338LV,23
48_d53b232eab0048b48835c2caef28f44e,main,spotex,goatex,syncmvd,TEXGen,mvadapter,paint3d,A3DJUABETF36E0,H_0001,3X3OR7WPZHWJPSD2IXX9YRSEL338LV,24
01_d85c3093011d4e03a0df7a4049b13816,main,spotex,syncmvd,goatex,TEXGen,mvadapter,paint3d,A2GMN5LBCBZFMX,H_0001,3ZQIG0FLQWCXBYLEU4FLZGT2U87VWF,0
54_120ac5f53bda4d1d9306a050a3b6e46b,vigilance,spotex,_corrupt_4,_corrupt_3,_corrupt_2,_corrupt_1,_corrupt_0,A2GMN5LBCBZFMX,H_0001,3ZQIG0FLQWCXBYLEU4FLZGT2U87VWF,1
06_ce195c7adddb44d2bf963c526756362a,main,goatex,mvadapter,spotex,syncmvd,TEXGen,paint3d,A2GMN5LBCBZFMX,H_0001,3ZQIG0FLQWCXBYLEU4FLZGT2U87VWF,2
54_120ac5f53bda4d1d9306a050a3b6e46b,vigilance,spotex,_corrupt_3,_corrupt_2,_corrupt_0,_corrupt_4,_corrupt_1,A2GMN5LBCBZFMX,H_0001,3ZQIG0FLQWCXBYLEU4FLZGT2U87VWF,3
45_1a6d42ef69294498937aab039ececb00,main,spotex,paint3d,mvadapter,goatex,syncmvd,TEXGen,A2GMN5LBCBZFMX,H_0001,3ZQIG0FLQWCXBYLEU4FLZGT2U87VWF,4
02_16ee83e509e745998f229da44a8387e8,main,spotex,syncmvd,TEXGen,goatex,paint3d,mvadapter,A2GMN5LBCBZFMX,H_0001,3ZQIG0FLQWCXBYLEU4FLZGT2U87VWF,5
58_1d7b005b0cf241d9890739a549769c86,main,goatex,syncmvd,TEXGen,paint3d,mvadapter,spotex,A2GMN5LBCBZFMX,H_0001,3ZQIG0FLQWCXBYLEU4FLZGT2U87VWF,6
27_0aa910f8ec974330a9a89a5c7cf4e3dd,vigilance,spotex,_corrupt_1,_corrupt_4,_corrupt_2,_corrupt_3,_corrupt_0,A2GMN5LBCBZFMX,H_0001,3ZQIG0FLQWCXBYLEU4FLZGT2U87VWF,7
02_16ee83e509e745998f229da44a8387e8,main,spotex,goatex,TEXGen,mvadapter,paint3d,syncmvd,A2GMN5LBCBZFMX,H_0001,3ZQIG0FLQWCXBYLEU4FLZGT2U87VWF,8
45_1a6d42ef69294498937aab039ececb00,main,spotex,paint3d,mvadapter,TEXGen,goatex,syncmvd,A2GMN5LBCBZFMX,H_0001,3ZQIG0FLQWCXBYLEU4FLZGT2U87VWF,9
58_1d7b005b0cf241d9890739a549769c86,vigilance,spotex,_corrupt_1,_corrupt_2,_corrupt_3,_corrupt_0,_corrupt_4,A2GMN5LBCBZFMX,H_0001,3ZQIG0FLQWCXBYLEU4FLZGT2U87VWF,10
02_16ee83e509e745998f229da44a8387e8,main,spotex,paint3d,syncmvd,TEXGen,goatex,mvadapter,A2GMN5LBCBZFMX,H_0001,3ZQIG0FLQWCXBYLEU4FLZGT2U87VWF,11
27_0aa910f8ec974330a9a89a5c7cf4e3dd,main,mvadapter,spotex,TEXGen,syncmvd,paint3d,goatex,A2GMN5LBCBZFMX,H_0001,3ZQIG0FLQWCXBYLEU4FLZGT2U87VWF,12
58_1d7b005b0cf241d9890739a549769c86,main,spotex,goatex,TEXGen,paint3d,syncmvd,mvadapter,A2GMN5LBCBZFMX,H_0001,3ZQIG0FLQWCXBYLEU4FLZGT2U87VWF,13
54_120ac5f53bda4d1d9306a050a3b6e46b,main,goatex,syncmvd,TEXGen,spotex,paint3d,mvadapter,A2GMN5LBCBZFMX,H_0001,3ZQIG0FLQWCXBYLEU4FLZGT2U87VWF,14
48_d53b232eab0048b48835c2caef28f44e,main,spotex,mvadapter,TEXGen,syncmvd,paint3d,goatex,A2GMN5LBCBZFMX,H_0001,3ZQIG0FLQWCXBYLEU4FLZGT2U87VWF,15
01_d85c3093011d4e03a0df7a4049b13816,main,spotex,goatex,syncmvd,paint3d,TEXGen,mvadapter,A2GMN5LBCBZFMX,H_0001,3ZQIG0FLQWCXBYLEU4FLZGT2U87VWF,16
06_ce195c7adddb44d2bf963c526756362a,main,goatex,syncmvd,TEXGen,spotex,mvadapter,paint3d,A2GMN5LBCBZFMX,H_0001,3ZQIG0FLQWCXBYLEU4FLZGT2U87VWF,17
27_0aa910f8ec974330a9a89a5c7cf4e3dd,main,spotex,mvadapter,goatex,syncmvd,TEXGen,paint3d,A2GMN5LBCBZFMX,H_0001,3ZQIG0FLQWCXBYLEU4FLZGT2U87VWF,18
02_16ee83e509e745998f229da44a8387e8,main,spotex,paint3d,syncmvd,TEXGen,goatex,mvadapter,A2GMN5LBCBZFMX,H_0001,3ZQIG0FLQWCXBYLEU4FLZGT2U87VWF,19
54_120ac5f53bda4d1d9306a050a3b6e46b,vigilance,spotex,_corrupt_1,_corrupt_2,_corrupt_4,_corrupt_3,_corrupt_0,A2GMN5LBCBZFMX,H_0001,3ZQIG0FLQWCXBYLEU4FLZGT2U87VWF,20
35_02797d5feaac4ccabfdf8b357fa2a13a,main,spotex,goatex,paint3d,syncmvd,TEXGen,mvadapter,A2GMN5LBCBZFMX,H_0001,3ZQIG0FLQWCXBYLEU4FLZGT2U87VWF,21
54_120ac5f53bda4d1d9306a050a3b6e46b,main,mvadapter,paint3d,syncmvd,goatex,TEXGen,spotex,A2GMN5LBCBZFMX,H_0001,3ZQIG0FLQWCXBYLEU4FLZGT2U87VWF,22
35_02797d5feaac4ccabfdf8b357fa2a13a,main,mvadapter,spotex,goatex,syncmvd,TEXGen,paint3d,A2GMN5LBCBZFMX,H_0001,3ZQIG0FLQWCXBYLEU4FLZGT2U87VWF,23
48_d53b232eab0048b48835c2caef28f44e,main,goatex,syncmvd,paint3d,spotex,TEXGen,mvadapter,A2GMN5LBCBZFMX,H_0001,3ZQIG0FLQWCXBYLEU4FLZGT2U87VWF,24
01_d85c3093011d4e03a0df7a4049b13816,main,spotex,goatex,mvadapter,paint3d,syncmvd,TEXGen,AZV2KQT9MRY05,H_0001,35BLDD71IOT15TQJ5RZSYKNKBABVZ5,0
54_120ac5f53bda4d1d9306a050a3b6e46b,vigilance,spotex,_corrupt_4,_corrupt_3,_corrupt_2,_corrupt_1,_corrupt_0,AZV2KQT9MRY05,H_0001,35BLDD71IOT15TQJ5RZSYKNKBABVZ5,1
06_ce195c7adddb44d2bf963c526756362a,main,spotex,goatex,mvadapter,paint3d,TEXGen,syncmvd,AZV2KQT9MRY05,H_0001,35BLDD71IOT15TQJ5RZSYKNKBABVZ5,2
54_120ac5f53bda4d1d9306a050a3b6e46b,vigilance,spotex,_corrupt_3,_corrupt_2,_corrupt_0,_corrupt_4,_corrupt_1,AZV2KQT9MRY05,H_0001,35BLDD71IOT15TQJ5RZSYKNKBABVZ5,3
45_1a6d42ef69294498937aab039ececb00,main,syncmvd,TEXGen,goatex,paint3d,spotex,mvadapter,AZV2KQT9MRY05,H_0001,35BLDD71IOT15TQJ5RZSYKNKBABVZ5,4
02_16ee83e509e745998f229da44a8387e8,main,spotex,goatex,syncmvd,TEXGen,paint3d,mvadapter,AZV2KQT9MRY05,H_0001,35BLDD71IOT15TQJ5RZSYKNKBABVZ5,5
58_1d7b005b0cf241d9890739a549769c86,main,spotex,goatex,TEXGen,syncmvd,mvadapter,paint3d,AZV2KQT9MRY05,H_0001,35BLDD71IOT15TQJ5RZSYKNKBABVZ5,6
27_0aa910f8ec974330a9a89a5c7cf4e3dd,vigilance,spotex,_corrupt_1,_corrupt_4,_corrupt_2,_corrupt_3,_corrupt_0,AZV2KQT9MRY05,H_0001,35BLDD71IOT15TQJ5RZSYKNKBABVZ5,7
02_16ee83e509e745998f229da44a8387e8,main,spotex,goatex,syncmvd,TEXGen,mvadapter,paint3d,AZV2KQT9MRY05,H_0001,35BLDD71IOT15TQJ5RZSYKNKBABVZ5,8
45_1a6d42ef69294498937aab039ececb00,main,syncmvd,TEXGen,goatex,paint3d,mvadapter,spotex,AZV2KQT9MRY05,H_0001,35BLDD71IOT15TQJ5RZSYKNKBABVZ5,9
58_1d7b005b0cf241d9890739a549769c86,vigilance,spotex,_corrupt_1,_corrupt_2,_corrupt_3,_corrupt_0,_corrupt_4,AZV2KQT9MRY05,H_0001,35BLDD71IOT15TQJ5RZSYKNKBABVZ5,10
02_16ee83e509e745998f229da44a8387e8,main,spotex,TEXGen,mvadapter,goatex,paint3d,syncmvd,AZV2KQT9MRY05,H_0001,35BLDD71IOT15TQJ5RZSYKNKBABVZ5,11
27_0aa910f8ec974330a9a89a5c7cf4e3dd,main,spotex,mvadapter,goatex,TEXGen,syncmvd,paint3d,AZV2KQT9MRY05,H_0001,35BLDD71IOT15TQJ5RZSYKNKBABVZ5,12
58_1d7b005b0cf241d9890739a549769c86,main,spotex,goatex,syncmvd,TEXGen,mvadapter,paint3d,AZV2KQT9MRY05,H_0001,35BLDD71IOT15TQJ5RZSYKNKBABVZ5,13
54_120ac5f53bda4d1d9306a050a3b6e46b,main,mvadapter,spotex,syncmvd,TEXGen,goatex,paint3d,AZV2KQT9MRY05,H_0001,35BLDD71IOT15TQJ5RZSYKNKBABVZ5,14
48_d53b232eab0048b48835c2caef28f44e,main,mvadapter,spotex,goatex,paint3d,TEXGen,syncmvd,AZV2KQT9MRY05,H_0001,35BLDD71IOT15TQJ5RZSYKNKBABVZ5,15
01_d85c3093011d4e03a0df7a4049b13816,main,spotex,goatex,paint3d,mvadapter,syncmvd,TEXGen,AZV2KQT9MRY05,H_0001,35BLDD71IOT15TQJ5RZSYKNKBABVZ5,16
06_ce195c7adddb44d2bf963c526756362a,main,spotex,syncmvd,goatex,mvadapter,paint3d,TEXGen,AZV2KQT9MRY05,H_0001,35BLDD71IOT15TQJ5RZSYKNKBABVZ5,17
27_0aa910f8ec974330a9a89a5c7cf4e3dd,main,TEXGen,paint3d,syncmvd,goatex,mvadapter,spotex,AZV2KQT9MRY05,H_0001,35BLDD71IOT15TQJ5RZSYKNKBABVZ5,18
02_16ee83e509e745998f229da44a8387e8,main,spotex,goatex,paint3d,syncmvd,TEXGen,mvadapter,AZV2KQT9MRY05,H_0001,35BLDD71IOT15TQJ5RZSYKNKBABVZ5,19
54_120ac5f53bda4d1d9306a050a3b6e46b,vigilance,spotex,_corrupt_0,_corrupt_2,_corrupt_4,_corrupt_1,_corrupt_3,AZV2KQT9MRY05,H_0001,35BLDD71IOT15TQJ5RZSYKNKBABVZ5,20
35_02797d5feaac4ccabfdf8b357fa2a13a,main,syncmvd,paint3d,goatex,spotex,mvadapter,TEXGen,AZV2KQT9MRY05,H_0001,35BLDD71IOT15TQJ5RZSYKNKBABVZ5,21
54_120ac5f53bda4d1d9306a050a3b6e46b,main,mvadapter,syncmvd,spotex,TEXGen,goatex,paint3d,AZV2KQT9MRY05,H_0001,35BLDD71IOT15TQJ5RZSYKNKBABVZ5,22
35_02797d5feaac4ccabfdf8b357fa2a13a,main,spotex,mvadapter,TEXGen,paint3d,goatex,syncmvd,AZV2KQT9MRY05,H_0001,35BLDD71IOT15TQJ5RZSYKNKBABVZ5,23
48_d53b232eab0048b48835c2caef28f44e,main,mvadapter,spotex,syncmvd,TEXGen,paint3d,goatex,AZV2KQT9MRY05,H_0001,35BLDD71IOT15TQJ5RZSYKNKBABVZ5,24
01_d85c3093011d4e03a0df7a4049b13816,main,TEXGen,paint3d,spotex,syncmvd,goatex,mvadapter,A361WGXXHRABJW,H_0001,32SVAV9L3X5GSCGS9PDNYW4SB5B3AF,0
54_120ac5f53bda4d1d9306a050a3b6e46b,vigilance,spotex,_corrupt_4,_corrupt_3,_corrupt_2,_corrupt_1,_corrupt_0,A361WGXXHRABJW,H_0001,32SVAV9L3X5GSCGS9PDNYW4SB5B3AF,1
06_ce195c7adddb44d2bf963c526756362a,main,spotex,paint3d,TEXGen,goatex,syncmvd,mvadapter,A361WGXXHRABJW,H_0001,32SVAV9L3X5GSCGS9PDNYW4SB5B3AF,2
54_120ac5f53bda4d1d9306a050a3b6e46b,vigilance,spotex,_corrupt_0,_corrupt_2,_corrupt_4,_corrupt_1,_corrupt_3,A361WGXXHRABJW,H_0001,32SVAV9L3X5GSCGS9PDNYW4SB5B3AF,3
45_1a6d42ef69294498937aab039ececb00,main,spotex,paint3d,goatex,syncmvd,TEXGen,mvadapter,A361WGXXHRABJW,H_0001,32SVAV9L3X5GSCGS9PDNYW4SB5B3AF,4
02_16ee83e509e745998f229da44a8387e8,main,spotex,paint3d,mvadapter,goatex,syncmvd,TEXGen,A361WGXXHRABJW,H_0001,32SVAV9L3X5GSCGS9PDNYW4SB5B3AF,5
58_1d7b005b0cf241d9890739a549769c86,main,goatex,spotex,paint3d,syncmvd,TEXGen,mvadapter,A361WGXXHRABJW,H_0001,32SVAV9L3X5GSCGS9PDNYW4SB5B3AF,6
27_0aa910f8ec974330a9a89a5c7cf4e3dd,vigilance,spotex,_corrupt_1,_corrupt_4,_corrupt_2,_corrupt_3,_corrupt_0,A361WGXXHRABJW,H_0001,32SVAV9L3X5GSCGS9PDNYW4SB5B3AF,7
02_16ee83e509e745998f229da44a8387e8,main,TEXGen,spotex,paint3d,mvadapter,goatex,syncmvd,A361WGXXHRABJW,H_0001,32SVAV9L3X5GSCGS9PDNYW4SB5B3AF,8
45_1a6d42ef69294498937aab039ececb00,main,spotex,paint3d,goatex,TEXGen,mvadapter,syncmvd,A361WGXXHRABJW,H_0001,32SVAV9L3X5GSCGS9PDNYW4SB5B3AF,9
58_1d7b005b0cf241d9890739a549769c86,vigilance,spotex,_corrupt_1,_corrupt_2,_corrupt_3,_corrupt_0,_corrupt_4,A361WGXXHRABJW,H_0001,32SVAV9L3X5GSCGS9PDNYW4SB5B3AF,10
02_16ee83e509e745998f229da44a8387e8,main,spotex,paint3d,mvadapter,syncmvd,TEXGen,goatex,A361WGXXHRABJW,H_0001,32SVAV9L3X5GSCGS9PDNYW4SB5B3AF,11
27_0aa910f8ec974330a9a89a5c7cf4e3dd,main,spotex,mvadapter,paint3d,TEXGen,syncmvd,goatex,A361WGXXHRABJW,H_0001,32SVAV9L3X5GSCGS9PDNYW4SB5B3AF,12
58_1d7b005b0cf241d9890739a549769c86,main,spotex,TEXGen,goatex,mvadapter,paint3d,syncmvd,A361WGXXHRABJW,H_0001,32SVAV9L3X5GSCGS9PDNYW4SB5B3AF,13
54_120ac5f53bda4d1d9306a050a3b6e46b,main,paint3d,goatex,spotex,syncmvd,mvadapter,TEXGen,A361WGXXHRABJW,H_0001,32SVAV9L3X5GSCGS9PDNYW4SB5B3AF,14
48_d53b232eab0048b48835c2caef28f44e,main,paint3d,mvadapter,syncmvd,spotex,TEXGen,goatex,A361WGXXHRABJW,H_0001,32SVAV9L3X5GSCGS9PDNYW4SB5B3AF,15
01_d85c3093011d4e03a0df7a4049b13816,main,mvadapter,TEXGen,syncmvd,paint3d,spotex,goatex,A361WGXXHRABJW,H_0001,32SVAV9L3X5GSCGS9PDNYW4SB5B3AF,16
06_ce195c7adddb44d2bf963c526756362a,main,spotex,TEXGen,syncmvd,goatex,mvadapter,paint3d,A361WGXXHRABJW,H_0001,32SVAV9L3X5GSCGS9PDNYW4SB5B3AF,17
27_0aa910f8ec974330a9a89a5c7cf4e3dd,main,spotex,TEXGen,mvadapter,goatex,paint3d,syncmvd,A361WGXXHRABJW,H_0001,32SVAV9L3X5GSCGS9PDNYW4SB5B3AF,18
02_16ee83e509e745998f229da44a8387e8,main,spotex,paint3d,syncmvd,goatex,TEXGen,mvadapter,A361WGXXHRABJW,H_0001,32SVAV9L3X5GSCGS9PDNYW4SB5B3AF,19
54_120ac5f53bda4d1d9306a050a3b6e46b,vigilance,spotex,_corrupt_0,_corrupt_2,_corrupt_4,_corrupt_1,_corrupt_3,A361WGXXHRABJW,H_0001,32SVAV9L3X5GSCGS9PDNYW4SB5B3AF,20
35_02797d5feaac4ccabfdf8b357fa2a13a,main,mvadapter,paint3d,goatex,syncmvd,spotex,TEXGen,A361WGXXHRABJW,H_0001,32SVAV9L3X5GSCGS9PDNYW4SB5B3AF,21
54_120ac5f53bda4d1d9306a050a3b6e46b,main,paint3d,spotex,syncmvd,goatex,TEXGen,mvadapter,A361WGXXHRABJW,H_0001,32SVAV9L3X5GSCGS9PDNYW4SB5B3AF,22
35_02797d5feaac4ccabfdf8b357fa2a13a,main,mvadapter,paint3d,TEXGen,syncmvd,goatex,spotex,A361WGXXHRABJW,H_0001,32SVAV9L3X5GSCGS9PDNYW4SB5B3AF,23
48_d53b232eab0048b48835c2caef28f44e,main,TEXGen,spotex,syncmvd,goatex,paint3d,mvadapter,A361WGXXHRABJW,H_0001,32SVAV9L3X5GSCGS9PDNYW4SB5B3AF,24
